City_ID,City,Country,Date,Lat,Lng,Max Temp,Humidity,Cloudiness,Wind Speed
0,Ushuaia,AR,2021-09-27 17:53:53,-54.8,-68.3,51.42,53,40,5.75
1,East London,ZA,2021-09-27 17:56:47,-33.0153,27.9116,67.14,82,40,23.02
2,Comrat,MD,2021-09-27 17:56:47,46.3003,28.6572,59.09,46,56,6.8
3,Homocea,RO,2021-09-27 17:56:47,46.1333,27.2333,64.02,60,81,4.21
4,Arraial Do Cabo,BR,2021-09-27 17:56:48,-22.9661,-42.0278,80.56,69,40,16.11
5,Albany,US,2021-09-27 17:56:48,42.6001,-73.9662,75.74,70,83,7.2
6,San Jeronimo,PE,2021-09-27 17:56:48,-11.9472,-75.2829,62.96,41,34,6.87
7,Tuktoyaktuk,CA,2021-09-27 17:56:49,69.4541,-133.0374,30.2,86,75,12.66
8,Sterling,US,2021-09-27 17:54:54,39.0062,-77.4286,81.77,45,1,1.99
9,Neuquen,AR,2021-09-27 17:56:49,-38.9516,-68.0591,67.89,22,0,9.22
10,Beihai,CN,2021-09-27 17:56:49,21.4833,109.1,83.62,74,22,5.32
11,Hilo,US,2021-09-27 17:54:02,19.7297,-155.09,76.8,91,90,4.61
12,Bethel,US,2021-09-27 17:56:50,41.3712,-73.414,78.03,60,75,1.01
13,Yellowknife,CA,2021-09-27 17:56:50,62.456,-114.3525,46.42,90,20,1.99
14,Dehloran,IR,2021-09-27 17:56:51,32.6941,47.2679,84.92,14,0,2.62
15,Mehamn,NO,2021-09-27 17:56:51,71.0357,27.8492,49.91,82,79,9.46
16,Hobart,AU,2021-09-27 17:56:51,-42.8794,147.3294,46.26,82,75,3.0
17,Sheboygan,US,2021-09-27 17:56:52,43.7333,-87.9334,80.82,71,9,3.0
18,Pevek,RU,2021-09-27 17:56:52,69.7008,170.3133,23.13,66,100,2.71
19,Mataura,NZ,2021-09-27 17:56:52,-46.1927,168.8643,40.48,86,36,2.86
20,Beringovskiy,RU,2021-09-27 17:55:06,63.05,179.3167,35.22,74,83,1.3
21,Anadyr,RU,2021-09-27 17:56:53,64.75,177.4833,36.1,80,40,5.99
22,Biak,ID,2021-09-27 17:56:53,-0.9131,122.8766,75.33,82,92,6.02
23,Cape Town,ZA,2021-09-27 17:56:49,-33.9258,18.4232,60.28,59,40,10.36
24,Vaini,TO,2021-09-27 17:56:54,-21.2,-175.2,62.76,100,20,3.44
25,Meulaboh,ID,2021-09-27 17:56:54,4.1363,96.1285,77.09,86,97,6.78
26,Saint George,US,2021-09-27 17:52:14,37.1041,-113.5841,85.53,39,0,1.99
27,Rikitea,PF,2021-09-27 17:53:49,-23.1203,-134.9692,73.09,73,15,21.5
28,Bluff,NZ,2021-09-27 17:56:55,-46.6,168.3333,40.8,80,59,10.89
29,Nchelenge,ZM,2021-09-27 17:56:55,-9.3451,28.734,79.27,51,96,3.67
30,Pinehurst,US,2021-09-27 17:56:55,35.1954,-79.4695,84.06,48,1,6.91
31,Constitucion,CL,2021-09-27 17:56:56,-35.3333,-72.4167,60.84,46,28,15.1
32,Baker City,US,2021-09-27 17:56:56,44.7749,-117.8344,71.58,45,7,8.68
33,Punta Arenas,CL,2021-09-27 17:55:32,-53.15,-70.9167,50.11,53,75,28.77
34,Nikolskoye,RU,2021-09-27 17:56:57,59.7035,30.7861,49.89,96,11,4.12
35,Labuhan,ID,2021-09-27 17:56:57,-6.8844,112.2051,79.12,75,59,9.19
36,Faanui,PF,2021-09-27 17:55:27,-16.4833,-151.75,78.93,77,7,18.16
37,Independencia,BR,2021-09-27 17:56:57,-5.3964,-40.3086,97.59,22,20,10.96
38,Puerto Ayora,EC,2021-09-27 17:56:58,-0.7393,-90.3518,75.16,88,100,9.86
39,Denpasar,ID,2021-09-27 17:56:58,-8.65,115.2167,78.46,83,20,12.66
40,San Ignacio,BZ,2021-09-27 17:56:59,17.1561,-89.0714,86.14,74,40,6.91
41,Port Said,EG,2021-09-27 17:56:59,31.2565,32.2841,78.78,69,0,14.97
42,Gat,IL,2021-09-27 17:56:59,31.61,34.7642,76.82,62,58,8.1
43,Busselton,AU,2021-09-27 17:54:01,-33.65,115.3333,49.53,92,8,7.81
44,Port Alfred,ZA,2021-09-27 17:57:00,-33.5906,26.891,64.8,91,74,21.63
45,Quang Ngai,VN,2021-09-27 17:57:02,15.1167,108.8,74.97,90,27,5.21
46,Chokurdakh,RU,2021-09-27 17:54:46,70.6333,147.9167,16.34,88,69,9.73
47,Toppenish,US,2021-09-27 17:57:02,46.3774,-120.3087,73.44,60,48,13.38
48,Dikson,RU,2021-09-27 17:57:03,73.5069,80.5464,35.76,87,43,20.07
49,Pisco,PE,2021-09-27 17:57:03,-13.7,-76.2167,65.01,77,90,8.05
50,Clyde River,CA,2021-09-27 17:57:03,70.4692,-68.5914,30.43,86,75,10.36
51,Port-Cartier,CA,2021-09-27 17:57:04,50.0334,-66.8654,59.22,55,41,10.83
52,Mount Isa,AU,2021-09-27 17:57:04,-20.7333,139.5,56.97,30,12,0.0
53,Union De San Antonio,MX,2021-09-27 17:57:05,21.1,-101.9667,72.68,57,52,2.06
54,Atuona,PF,2021-09-27 17:57:05,-9.8,-139.0333,77.94,73,69,19.86
55,San Quintin,MX,2021-09-27 17:57:05,30.4833,-115.95,71.08,73,91,13.18
56,Laguna,US,2021-09-27 17:53:06,38.421,-121.4238,78.21,67,1,3.0
57,Kutum,SD,2021-09-27 17:57:06,14.2,24.6667,81.55,41,95,12.41
58,Naze,JP,2021-09-27 17:55:52,28.3667,129.4833,77.04,79,24,11.01
59,Riyadh,SA,2021-09-27 17:57:06,24.6877,46.7219,84.34,10,98,9.31
60,Seljord,NO,2021-09-27 17:57:06,59.4894,8.634,58.6,99,100,4.07
61,Bredasdorp,ZA,2021-09-27 17:54:41,-34.5322,20.0403,57.27,77,83,5.28
62,Narsaq,GL,2021-09-27 17:57:07,60.9167,-46.05,37.85,34,0,2.89
63,Jamestown,US,2021-09-27 17:53:47,42.097,-79.2353,75.09,56,1,7.0
64,Smolenka,RU,2021-09-27 17:57:07,52.1352,113.4974,30.27,80,63,0.0
65,Singaraja,ID,2021-09-27 17:57:08,-8.112,115.0882,77.97,78,68,5.26
66,Hithadhoo,MV,2021-09-27 17:57:08,-0.6,73.0833,82.83,74,76,13.09
67,Tecoanapa,MX,2021-09-27 17:57:09,16.5167,-98.75,84.43,68,96,6.71
68,Katsuura,JP,2021-09-27 17:54:48,35.1333,140.3,68.14,81,70,14.03
69,Mar Del Plata,AR,2021-09-27 17:52:18,-38.0023,-57.5575,50.13,67,0,7.0
70,Owensboro,US,2021-09-27 17:52:54,37.7742,-87.1133,86.02,47,1,13.8
71,Jaggayyapeta,IN,2021-09-27 17:57:09,16.9,80.1,75.72,93,100,7.65
72,Mexticacan,MX,2021-09-27 17:57:10,21.2654,-102.7798,74.19,57,74,2.33
73,Batticaloa,LK,2021-09-27 17:57:10,7.7102,81.6924,83.61,59,100,13.94
74,Cidreira,BR,2021-09-27 17:57:10,-30.1811,-50.2056,71.29,78,4,9.75
75,Saint-Philippe,RE,2021-09-27 17:57:11,-21.3585,55.7679,71.19,84,25,13.29
76,Karratha,AU,2021-09-27 17:57:11,-20.7377,116.8463,71.94,30,68,13.58
77,Provideniya,RU,2021-09-27 17:57:11,64.3833,-173.3,27.72,87,23,4.41
78,Georgetown,MY,2021-09-27 17:57:12,5.4112,100.3354,77.95,93,40,5.01
79,Tasiilaq,GL,2021-09-27 17:57:12,65.6145,-37.6368,30.78,67,3,5.66
80,Holoby,UA,2021-09-27 17:57:12,51.0865,25.0077,52.05,80,4,8.32
81,Chikwawa,MW,2021-09-27 17:57:13,-16.0335,34.8009,84.49,33,54,3.94
82,Port Blair,IN,2021-09-27 17:55:49,11.6667,92.75,79.59,87,100,7.56
83,Mae Tha,TH,2021-09-27 17:57:13,18.4646,99.1403,74.89,97,100,1.16
84,Sumter,US,2021-09-27 17:57:13,28.7086,-82.0831,88.9,53,0,6.2
85,Yar-Sale,RU,2021-09-27 17:57:14,66.8333,70.8333,33.67,82,0,9.19
86,Thompson,CA,2021-09-27 17:57:14,55.7435,-97.8558,53.76,82,75,4.61
87,Saskylakh,RU,2021-09-27 17:57:15,71.9167,114.0833,26.62,90,33,11.9
88,Butaritari,KI,2021-09-27 17:54:48,3.0707,172.7902,83.34,76,51,21.39
89,Suntar,RU,2021-09-27 17:57:15,62.1444,117.6319,35.31,79,100,12.35
90,Airai,TL,2021-09-27 17:57:15,-8.9266,125.4092,57.72,78,77,2.39
91,San Rafael,AR,2021-09-27 17:57:16,-34.6177,-68.3301,64.17,26,11,9.04
92,Kaeo,NZ,2021-09-27 17:57:16,-35.1,173.7833,44.33,91,52,3.83
93,Avarua,CK,2021-09-27 17:57:16,-21.2078,-159.775,71.65,94,14,1.14
94,Norman Wells,CA,2021-09-27 17:56:34,65.282,-126.8329,32.04,86,90,2.3
95,Castro,BR,2021-09-27 17:57:17,-24.7911,-50.0119,85.23,31,9,5.91
96,Kruisfontein,ZA,2021-09-27 17:57:17,-34.0033,24.7314,60.89,90,76,14.74
97,Yakeshi,CN,2021-09-27 17:57:18,49.2833,120.7333,43.27,71,66,4.85
98,Sao Filipe,CV,2021-09-27 17:53:54,14.8961,-24.4956,81.07,75,36,11.07
99,Tias,ES,2021-09-27 17:57:18,28.9611,-13.645,74.95,73,20,19.57
100,Leningradskiy,RU,2021-09-27 17:56:11,69.3833,178.4167,26.02,96,100,6.33
101,Auki,SB,2021-09-27 17:57:18,-8.7676,160.7034,76.59,85,99,3.36
102,Trairi,BR,2021-09-27 17:54:23,-3.2778,-39.2689,85.53,60,45,16.6
103,Tura,IN,2021-09-27 17:57:19,25.5198,90.2201,73.85,90,38,3.69
104,Ostrovnoy,RU,2021-09-27 17:57:19,68.0531,39.5131,46.31,88,100,5.12
105,Roma,US,2021-09-27 17:55:14,43.2128,-75.4557,75.85,77,100,3.67
106,Bowen,AU,2021-09-27 17:57:15,-20.0167,148.2333,66.42,70,8,17.56
107,Husavik,IS,2021-09-27 17:57:20,66.0449,-17.3389,42.71,78,28,6.55
108,Dali,CN,2021-09-27 17:57:20,25.7,100.1833,59.56,89,63,3.98
109,San Patricio,US,2021-09-27 17:57:21,28.017,-97.5169,92.01,47,78,7.11
110,Nova Ushytsya,UA,2021-09-27 17:57:21,48.8372,27.2743,51.67,65,0,8.19
111,Namibe,AO,2021-09-27 17:54:15,-15.1961,12.1522,64.42,88,8,10.51
112,Nanortalik,GL,2021-09-27 17:57:21,60.1432,-45.2371,36.28,64,3,4.83
113,High Rock,BS,2021-09-27 17:57:22,26.6208,-78.2833,86.02,69,24,17.65
114,Kaitangata,NZ,2021-09-27 17:57:22,-46.2817,169.8464,39.92,85,12,6.22
115,Yumen,CN,2021-09-27 17:57:22,40.2833,97.2,62.76,20,0,10.25
116,Irbeyskoye,RU,2021-09-27 17:57:23,55.6428,95.4522,36.36,94,99,8.93
117,Launceston,AU,2021-09-27 17:53:26,-41.45,147.1667,44.24,97,90,0.0
118,Nome,US,2021-09-27 17:57:23,64.5011,-165.4064,30.69,85,15,3.96
119,Nhulunbuy,AU,2021-09-27 17:55:17,-12.2333,136.7667,75.81,88,96,0.0
120,Impfondo,CG,2021-09-27 17:56:47,1.6381,18.0667,73.38,84,80,3.49
121,Palmer,US,2021-09-27 17:56:33,42.1584,-72.3287,74.32,63,84,1.99
122,Swindon,GB,2021-09-27 17:57:24,51.558,-1.7812,57.94,80,20,4.0
123,Bambous Virieux,MU,2021-09-27 17:57:24,-20.3428,57.7575,72.21,78,40,14.97
124,Bemidji,US,2021-09-27 17:55:12,47.4736,-94.8803,70.65,44,1,9.22
125,Kloulklubed,PW,2021-09-27 17:57:25,7.0419,134.2556,83.68,76,94,7.67
126,Barrow,US,2021-09-27 17:57:25,71.2906,-156.7887,28.27,91,100,15.73
127,Atar,MR,2021-09-27 17:57:26,20.5169,-13.0499,104.88,8,1,12.57
128,Lata,PT,2021-09-27 17:55:26,40.1629,-8.3327,73.04,83,97,3.29
129,Vanimo,PG,2021-09-27 17:57:26,-2.6741,141.3028,77.14,86,94,3.62
130,Kiama,AU,2021-09-27 17:57:27,-34.6833,150.8667,55.99,80,55,10.11
131,Cheremkhovo,RU,2021-09-27 17:57:27,53.1561,103.0675,31.33,80,26,9.1
132,Nanakuli,US,2021-09-27 17:57:27,21.3906,-158.1547,82.04,73,75,4.61
133,Upernavik,GL,2021-09-27 17:57:28,72.7868,-56.1549,26.62,56,29,2.48
134,Cherskiy,RU,2021-09-27 17:57:28,68.75,161.3,18.0,96,90,11.72
135,Belmonte,BR,2021-09-27 17:57:29,-15.8631,-38.8828,79.3,71,61,9.73
136,Xining,CN,2021-09-27 17:57:29,36.6167,101.7667,51.51,70,82,1.5
137,Yeppoon,AU,2021-09-27 17:57:29,-23.1333,150.7333,64.18,76,84,19.1
138,Necochea,AR,2021-09-27 17:57:29,-38.5473,-58.7368,55.04,56,58,7.52
139,Kapaa,US,2021-09-27 17:57:30,22.0752,-159.319,77.32,78,20,13.8
140,Kalemie,CD,2021-09-27 17:57:30,-5.9475,29.1947,77.07,54,59,4.09
141,Kahului,US,2021-09-27 17:55:50,20.8947,-156.47,80.83,79,7,5.01
142,Saldanha,ZA,2021-09-27 17:54:24,-33.0117,17.9442,59.05,77,37,14.45
143,Hermanus,ZA,2021-09-27 17:57:31,-34.4187,19.2345,58.89,75,73,7.27
144,Mukhen,RU,2021-09-27 17:57:31,48.1,136.1,59.11,95,99,8.25
145,Kayes,ML,2021-09-27 17:57:31,14.0,-11.0,79.5,73,57,2.42
146,Dubbo,AU,2021-09-27 17:57:32,-32.25,148.6167,50.13,87,40,10.36
147,New Norfolk,AU,2021-09-27 17:57:32,-42.7826,147.0587,45.91,69,74,1.01
148,Ponta Do Sol,PT,2021-09-27 17:57:32,32.6667,-17.1,75.83,71,24,4.61
149,Torbay,CA,2021-09-27 17:57:33,47.6666,-52.7314,66.97,92,75,12.66
150,Paita,PE,2021-09-27 17:57:33,-5.0892,-81.1144,75.76,67,87,13.13
151,Peniche,PT,2021-09-27 17:57:33,39.3558,-9.3811,74.75,90,38,11.03
152,Tuatapere,NZ,2021-09-27 17:57:34,-46.1333,167.6833,40.82,83,61,5.73
153,Namatanai,PG,2021-09-27 17:56:12,-3.6667,152.4333,79.23,81,97,3.4
154,Alofi,NU,2021-09-27 17:57:34,-19.0595,-169.9187,66.09,100,40,3.44
155,Itoman,JP,2021-09-27 17:57:34,26.1247,127.6694,80.62,83,20,8.05
156,Mandalgovi,MN,2021-09-27 17:57:35,45.7625,106.2708,47.07,36,20,6.06
157,Plettenberg Bay,ZA,2021-09-27 17:57:35,-34.0527,23.3716,58.96,87,86,7.9
158,Carnarvon,AU,2021-09-27 17:57:35,-24.8667,113.6333,62.67,67,2,12.66
159,Esperance,AU,2021-09-27 17:57:36,-33.8667,121.9,53.44,82,94,17.92
160,Axim,GH,2021-09-27 17:57:36,4.8699,-2.2405,77.85,86,93,8.93
161,San Juan Del Parana,PY,2021-09-27 17:57:36,-27.3,-55.9667,93.25,33,0,11.5
162,Imbituba,BR,2021-09-27 17:57:37,-28.24,-48.6703,78.69,72,0,17.74
163,Port Hardy,CA,2021-09-27 17:57:37,50.6996,-127.4199,50.18,93,90,14.97
164,Tupik,RU,2021-09-27 17:57:37,54.4253,119.9327,33.4,86,95,6.08
165,Korla,CN,2021-09-27 17:57:38,41.7597,86.1469,67.59,25,0,3.2
166,Victoria,HK,2021-09-27 17:54:07,22.2855,114.1577,85.32,79,1,1.99
167,Gejiu,CN,2021-09-27 17:57:38,23.306,103.1635,53.67,92,4,1.74
168,Severo-Kurilsk,RU,2021-09-27 17:57:38,50.6789,156.125,48.2,90,23,8.75
169,Dunn,US,2021-09-27 17:57:39,44.95,-91.8835,76.33,49,34,10.36
170,Ilulissat,GL,2021-09-27 17:57:39,69.2167,-51.1,22.87,72,0,6.58
171,Port Lincoln,AU,2021-09-27 17:57:39,-34.7333,135.8667,56.62,68,89,6.98
172,Bilma,NE,2021-09-27 17:57:40,18.6853,12.9164,92.23,16,8,9.35
173,Kupang,ID,2021-09-27 17:57:40,-10.1667,123.5833,75.09,86,79,5.99
174,Sweetwater,US,2021-09-27 17:57:41,25.7634,-80.3731,91.0,63,2,3.0
175,Kimbe,PG,2021-09-27 17:57:41,-5.5502,150.1429,75.74,93,100,3.06
176,Rundu,NA,2021-09-27 17:57:41,-17.9333,19.7667,75.94,13,1,2.73
177,Longyearbyen,SJ,2021-09-27 17:57:42,78.2186,15.6401,33.64,80,40,3.44
178,Huinan,CN,2021-09-27 17:57:42,42.6225,126.2614,58.23,93,76,2.64
179,Marawi,PH,2021-09-27 17:57:42,7.9986,124.2928,66.65,87,80,4.41
180,Kenai,US,2021-09-27 17:57:43,60.5544,-151.2583,33.15,92,3,5.64
181,Cabinda,AO,2021-09-27 17:57:43,-5.55,12.2,80.74,74,40,6.91
182,Akom,CM,2021-09-27 17:57:43,2.6678,12.7109,69.87,95,100,2.13
183,Abha,SA,2021-09-27 17:53:08,18.2164,42.5053,71.85,13,0,6.91
184,Lebu,CL,2021-09-27 17:54:38,-37.6167,-73.65,55.36,54,0,17.2
185,Kodiak,US,2021-09-27 17:57:44,57.79,-152.4072,42.44,50,42,2.17
186,Tiksi,RU,2021-09-27 17:57:44,71.6872,128.8694,32.5,96,100,5.55
187,Pochutla,MX,2021-09-27 17:57:45,15.7432,-96.4661,88.07,56,14,6.06
188,Christchurch,NZ,2021-09-27 17:57:45,-43.5333,172.6333,37.0,85,3,2.3
189,Amalapuram,IN,2021-09-27 17:57:46,16.5833,82.0167,76.78,92,100,0.98
190,Laem Sing,TH,2021-09-27 17:57:46,12.4816,102.0738,81.14,100,97,1.5
191,Ploemeur,FR,2021-09-27 17:54:43,47.7333,-3.4333,62.94,69,40,12.66
192,Ambilobe,MG,2021-09-27 17:55:43,-13.2,49.05,74.71,64,76,4.9
193,Kavieng,PG,2021-09-27 17:57:46,-2.5744,150.7967,81.64,77,90,9.15
194,Inta,RU,2021-09-27 17:57:47,66.0317,60.1659,36.52,73,100,8.39
195,San Ramon,US,2021-09-27 17:57:47,37.7799,-121.978,71.04,81,90,3.0
196,Jimma,ET,2021-09-27 17:57:47,7.6667,36.8333,59.29,92,72,1.57
197,Sola,VU,2021-09-27 17:57:48,-13.8833,167.55,79.14,80,50,16.67
198,Fairbanks,US,2021-09-27 17:55:59,64.8378,-147.7164,32.09,82,90,1.14
199,Isangel,VU,2021-09-27 17:57:48,-19.55,169.2667,69.48,81,45,8.52
200,Salalah,OM,2021-09-27 17:57:49,17.0151,54.0924,83.95,71,44,3.36
201,Ancud,CL,2021-09-27 17:57:49,-41.8697,-73.8203,54.93,68,48,6.53
202,Vila Velha,BR,2021-09-27 17:54:46,-20.3297,-40.2925,82.35,68,40,19.57
203,Mount Gambier,AU,2021-09-27 17:57:50,-37.8333,140.7667,49.91,76,99,8.05
204,Ahipara,NZ,2021-09-27 17:57:50,-35.1667,173.1667,49.41,72,30,9.15
205,Kyzyl-Suu,KG,2021-09-27 17:57:51,42.3414,78.0056,51.73,63,0,4.05
206,Kailua,US,2021-09-27 17:57:51,21.4022,-157.7394,82.08,74,5,11.07
207,Russell,US,2021-09-27 17:57:51,32.3502,-85.1999,86.97,54,0,1.3
208,Khatanga,RU,2021-09-27 17:57:52,71.9667,102.5,26.92,82,24,8.23
209,San Cristobal,VE,2021-09-27 17:55:11,7.7669,-72.225,87.98,44,53,7.83
210,Lykhivka,UA,2021-09-27 17:57:52,48.6874,33.9228,49.55,73,73,7.09
211,Takoradi,GH,2021-09-27 17:57:53,4.8845,-1.7554,77.34,89,84,8.68
212,Eravur,LK,2021-09-27 17:57:53,7.7733,81.6095,84.36,56,99,13.6
213,Khorinsk,RU,2021-09-27 17:57:54,52.1657,109.7726,31.64,73,96,3.96
214,Tromso,NO,2021-09-27 17:57:54,69.6496,18.957,56.37,82,0,1.14
215,Chifeng,CN,2021-09-27 17:57:54,42.2683,118.9636,58.33,59,83,5.99
216,Qaanaaq,GL,2021-09-27 17:57:55,77.484,-69.3632,24.8,69,100,5.35
217,Bengkulu,ID,2021-09-27 17:57:55,-3.8004,102.2655,76.14,91,100,3.06
218,Metro,ID,2021-09-27 17:57:55,-5.1131,105.3067,75.87,92,98,2.75
219,Oranjemund,NA,2021-09-27 17:57:55,-28.55,16.4333,56.52,77,88,14.36
220,Khagaul,IN,2021-09-27 17:57:56,25.5833,85.05,76.95,83,75,4.61
221,Sorland,NO,2021-09-27 17:57:56,67.667,12.6934,57.27,85,72,10.51
222,Terenos,BR,2021-09-27 17:57:56,-20.4422,-54.8603,89.31,37,0,11.5
223,Kavaratti,IN,2021-09-27 17:57:57,10.5669,72.642,81.66,78,100,19.66
224,Mehkar,IN,2021-09-27 17:57:57,20.1508,76.569,73.78,90,100,7.49
225,Leshukonskoye,RU,2021-09-27 17:57:57,64.8989,45.7622,44.58,90,100,4.07
226,Pemex,MX,2021-09-27 17:57:58,18.4395,-96.3461,85.39,68,13,2.95
227,Pauini,BR,2021-09-27 17:57:58,-7.7136,-66.9764,91.6,46,36,2.08
228,Lisakovsk,KZ,2021-09-27 17:57:58,52.5369,62.4936,37.31,87,100,17.78
229,Tacoronte,ES,2021-09-27 17:57:59,28.4769,-16.4102,76.14,75,0,3.44
230,Wenling,CN,2021-09-27 17:57:59,28.3669,121.36,77.92,92,21,3.71
231,Isla Mujeres,MX,2021-09-27 17:57:59,21.2311,-86.731,89.17,66,13,7.74
232,Te Anau,NZ,2021-09-27 17:58:00,-45.4167,167.7167,32.52,84,27,0.94
233,Dongsheng,CN,2021-09-27 17:58:00,39.8161,109.9776,58.01,51,100,13.89
234,Sharjah,AE,2021-09-27 17:58:00,25.3573,55.4033,91.38,63,0,2.3
235,Tevaitoa,PF,2021-09-27 17:58:01,-16.7833,-151.5,78.96,78,6,19.62
236,Chuy,UY,2021-09-27 17:58:01,-33.6971,-53.4616,66.15,66,1,8.7
237,Selty,RU,2021-09-27 17:58:02,57.3132,52.1345,39.34,66,84,10.78
238,Sao Jose Da Coroa Grande,BR,2021-09-27 17:58:02,-8.8978,-35.1478,80.01,71,20,13.31
239,Touros,BR,2021-09-27 17:58:02,-5.1989,-35.4608,85.1,65,36,20.98
240,Pinheiro Machado,BR,2021-09-27 17:58:03,-31.5783,-53.3811,77.77,73,4,4.59
241,Bilibino,RU,2021-09-27 17:58:03,68.0546,166.4372,12.97,98,100,2.39
242,Lompoc,US,2021-09-27 17:58:03,34.6391,-120.4579,59.14,94,90,5.75
243,Langsa,ID,2021-09-27 17:58:04,4.4683,97.9683,74.66,96,88,1.99
244,Vestmannaeyjar,IS,2021-09-27 17:58:04,63.4427,-20.2734,43.79,61,20,20.71
245,North Bend,US,2021-09-27 17:58:04,43.4065,-124.2243,58.95,97,90,6.91
246,Qasigiannguit,GL,2021-09-27 17:58:05,68.8193,-51.1922,19.96,71,0,3.09
247,Hasaki,JP,2021-09-27 17:58:05,35.7333,140.8333,63.28,75,79,14.12
248,Silopi,TR,2021-09-27 17:58:06,37.2497,42.4694,77.31,17,1,1.05
249,Santa Barbara,US,2021-09-27 17:54:43,34.7333,-120.0343,71.13,82,75,0.0
250,Cayenne,GF,2021-09-27 17:54:13,4.9333,-52.3333,91.44,73,20,1.99
251,Houma,US,2021-09-27 17:58:06,29.5958,-90.7195,86.0,77,52,8.7
252,Umm Lajj,SA,2021-09-27 17:57:03,25.0213,37.2685,83.89,61,1,9.31
253,Derzhavinsk,KZ,2021-09-27 17:58:07,51.1,66.3167,49.5,47,54,7.9
254,Yulara,AU,2021-09-27 17:58:07,-25.2406,130.9889,66.04,26,6,5.75
255,Buchanan,LR,2021-09-27 17:57:33,5.8808,-10.0467,80.56,90,100,6.67
256,Mareeba,AU,2021-09-27 17:58:08,-17.0,145.4333,67.44,93,61,2.68
257,Mancio Lima,BR,2021-09-27 17:58:08,-7.6142,-72.8958,91.47,55,40,3.44
258,Saint-Augustin,CA,2021-09-27 17:56:00,51.226,-58.6502,58.06,90,100,8.9
259,Klaksvik,FO,2021-09-27 17:58:09,62.2266,-6.589,49.12,89,100,13.91
260,Umtata,ZA,2021-09-27 17:56:22,-31.5889,28.7844,61.36,72,40,8.05
261,Linhares,BR,2021-09-27 17:58:09,-19.3911,-40.0722,82.17,54,92,9.6
262,Grand Gaube,MU,2021-09-27 17:58:10,-20.0064,57.6608,72.37,71,3,8.99
263,Avera,US,2021-09-27 17:58:10,33.194,-82.5271,82.45,43,0,3.31
264,Inhambane,MZ,2021-09-27 17:58:10,-23.865,35.3833,75.18,60,20,7.0
265,Iqaluit,CA,2021-09-27 17:58:11,63.7506,-68.5145,37.13,69,75,11.01
266,Port Hedland,AU,2021-09-27 17:58:04,-20.3167,118.5667,62.65,94,38,6.91
267,Nisko,PL,2021-09-27 17:58:11,50.5199,22.1397,59.52,77,24,5.01
268,Sitka,US,2021-09-27 17:54:54,57.0531,-135.33,48.16,92,100,3.58
269,Victoria Point,AU,2021-09-27 17:58:11,-27.5833,153.3,64.36,77,100,7.4
270,Udachnyy,RU,2021-09-27 17:58:12,66.4167,112.4,33.03,94,100,13.42
271,Waltershausen,DE,2021-09-27 17:58:12,50.9,10.5667,65.23,80,99,8.66
272,Chardara,KZ,2021-09-27 17:58:12,41.2547,67.9692,63.14,45,0,9.15
273,Zalari,RU,2021-09-27 17:58:13,53.5584,102.5065,31.51,86,20,8.66
274,Tukrah,LY,2021-09-27 17:58:13,32.5341,20.5791,75.22,68,24,9.66
275,Susangerd,IR,2021-09-27 17:58:13,31.5608,48.1831,89.62,13,0,9.82
276,Vasto,IT,2021-09-27 17:58:14,42.1243,14.7059,71.96,86,34,1.48
277,Trofaiach,AT,2021-09-27 17:58:15,47.4167,15.0,58.91,96,36,4.97
278,Sohbatpur,PK,2021-09-27 17:58:15,28.5202,68.5434,93.22,29,0,6.17
279,High Level,CA,2021-09-27 17:53:16,58.5169,-117.136,46.51,100,90,10.36
280,Vila Franca Do Campo,PT,2021-09-27 17:54:22,37.7167,-25.4333,73.81,83,75,8.12
281,Buala,SB,2021-09-27 17:58:15,-8.145,159.5921,79.02,82,96,5.21
282,Robertsport,LR,2021-09-27 17:58:16,6.7533,-11.3686,76.8,85,100,18.19
283,Richards Bay,ZA,2021-09-27 17:57:14,-28.783,32.0377,78.51,49,2,16.87
284,Huaraz,PE,2021-09-27 17:58:16,-9.5333,-77.5333,68.68,25,53,4.36
285,Makakilo City,US,2021-09-27 17:58:17,21.3469,-158.0858,80.62,71,75,4.61
286,Mahebourg,MU,2021-09-27 17:54:35,-20.4081,57.7,72.25,78,40,14.97
287,Pingliang,CN,2021-09-27 17:58:17,35.5392,106.6861,58.39,93,100,1.25
288,Olinda,BR,2021-09-27 17:58:17,-8.0089,-34.8553,78.53,69,75,20.71
289,Blackfoot,US,2021-09-27 17:58:18,43.1905,-112.345,77.54,12,3,7.7
290,Port Elizabeth,ZA,2021-09-27 17:58:18,-33.918,25.5701,63.1,82,75,25.32
291,Coos Bay,US,2021-09-27 17:58:19,43.3665,-124.2179,59.02,97,90,6.91
292,Selfoss,IS,2021-09-27 17:58:19,63.9331,-20.9971,43.68,71,31,15.35
293,Pasighat,IN,2021-09-27 17:58:19,28.0667,95.3333,76.62,86,56,4.14
294,Usinsk,RU,2021-09-27 17:58:20,65.9939,57.5281,37.04,71,93,10.45
295,Eureka,US,2021-09-27 17:54:02,40.8021,-124.1637,67.62,92,100,5.01
296,Tazovskiy,RU,2021-09-27 17:58:20,67.4667,78.7,34.14,75,47,3.67
297,Manzhouli,CN,2021-09-27 17:58:20,49.6,117.4333,41.86,63,87,6.62
298,Cabo San Lucas,MX,2021-09-27 17:58:21,22.8909,-109.9124,92.61,65,1,1.99
299,Barcelona,ES,2021-09-27 17:55:05,41.3888,2.159,80.83,57,20,1.01
300,Hobyo,SO,2021-09-27 17:58:21,5.3505,48.5268,78.21,82,84,27.29
301,Vagur,FO,2021-09-27 17:58:22,61.4732,-6.8119,47.05,86,100,3.33
302,Carutapera,BR,2021-09-27 17:58:22,-1.195,-46.02,86.5,60,57,10.16
303,Kamaishi,JP,2021-09-27 17:58:23,39.2667,141.8833,62.69,83,71,3.24
304,Ishigaki,JP,2021-09-27 17:58:23,24.3448,124.1572,83.61,75,29,16.26
305,Portland,US,2021-09-27 17:55:41,45.5234,-122.6762,59.36,94,90,1.99
306,Thohoyandou,ZA,2021-09-27 17:58:24,-22.9456,30.485,74.8,31,8,0.96
307,Tagusao,PH,2021-09-27 17:58:24,9.1924,117.8141,79.83,84,55,2.17
308,Witney,GB,2021-09-27 17:58:24,51.7836,-1.4854,58.28,69,0,13.8
309,Chernyshevskiy,RU,2021-09-27 17:58:25,63.0128,112.4714,33.57,75,100,14.67
310,Turbat,PK,2021-09-27 17:58:25,26.0023,63.044,88.61,47,24,9.44
311,Bloemfontein,ZA,2021-09-27 17:58:25,-29.1211,26.214,83.68,15,40,11.5
312,Sartell,US,2021-09-27 17:58:26,45.6216,-94.2069,73.74,56,1,1.99
313,Kununurra,AU,2021-09-27 17:56:23,-15.7667,128.7333,73.38,78,88,4.61
314,Shenjiamen,CN,2021-09-27 17:58:26,29.9576,122.298,75.22,82,0,4.81
315,Oriximina,BR,2021-09-27 17:58:27,-1.7656,-55.8661,92.14,46,29,4.63
316,Waipawa,NZ,2021-09-27 17:58:27,-41.4122,175.5153,47.03,89,100,10.25
317,Jumla,NP,2021-09-27 17:53:46,29.2747,82.1838,59.2,92,80,2.86
318,Masuguru,TZ,2021-09-27 17:58:27,-11.3667,38.4167,83.52,33,67,11.54
319,Asau,RO,2021-09-27 17:58:28,46.4333,26.4,60.28,76,61,1.57
320,Vilyuysk,RU,2021-09-27 17:58:28,63.7553,121.6247,30.72,94,42,8.99
321,Bandarbeyla,SO,2021-09-27 17:58:28,9.4942,50.8122,78.71,82,37,14.74
322,Aykhal,RU,2021-09-27 17:58:29,66.0,111.5,31.08,96,100,16.91
323,Bandarban,BD,2021-09-27 17:58:29,22.1965,92.2262,74.84,99,100,1.95
324,Izmir,TR,2021-09-27 17:58:29,38.4622,27.0923,80.11,36,0,17.27
325,Tahta,EG,2021-09-27 17:56:19,26.7693,31.5021,84.31,30,2,9.15
326,Tongzi,CN,2021-09-27 17:58:30,28.7829,105.0877,71.08,85,100,5.44
327,Salamanca,ES,2021-09-27 17:55:09,40.8333,-6.0,69.58,60,53,6.6
328,Saint-Joseph,RE,2021-09-27 17:58:30,-21.3667,55.6167,70.18,81,29,10.85
329,Kattivakkam,IN,2021-09-27 17:58:31,13.2167,80.3167,84.29,68,100,10.33
330,Ribeira Grande,PT,2021-09-27 17:54:17,38.5167,-28.7,72.0,73,75,12.66
331,Aklavik,CA,2021-09-27 17:58:31,68.2191,-135.0107,29.12,86,20,0.0
332,Yashkul,RU,2021-09-27 17:58:31,46.1711,45.3435,55.72,60,19,11.7
333,Rio Grande,BR,2021-09-27 17:56:47,-32.035,-52.0986,75.31,82,57,7.05
334,Porto Nacional,BR,2021-09-27 17:58:32,-10.7081,-48.4172,91.4,22,47,4.43
335,Sokoto,NG,2021-09-27 17:58:32,13.0609,5.239,89.28,35,17,2.35
336,Northam,GB,2021-09-27 17:58:33,51.0333,-4.2167,59.02,78,2,16.42
337,Sao Joao Da Barra,BR,2021-09-27 17:56:52,-21.6403,-41.0511,80.69,77,76,17.58
338,Linxia,CN,2021-09-27 17:58:33,35.6003,103.2064,55.78,64,47,6.11
339,Xinzhi,CN,2021-09-27 17:58:33,36.4989,111.7047,63.81,90,100,5.21
340,Saint-Pierre,RE,2021-09-27 17:58:34,-21.3393,55.4781,71.28,80,40,3.44
341,Wilmington,US,2021-09-27 17:57:19,34.2257,-77.9447,82.98,54,2,5.01
342,Lazaro Cardenas,MX,2021-09-27 17:58:34,17.9583,-102.2,84.63,69,72,3.11
343,Bouna,CI,2021-09-27 17:58:35,9.2667,-3.0,77.56,76,78,5.19
344,Visnes,NO,2021-09-27 17:58:35,59.3556,5.2242,66.58,77,75,21.85
345,Aquiraz,BR,2021-09-27 17:58:35,-3.9014,-38.3911,87.22,62,39,17.25
346,Los Llanos De Aridane,ES,2021-09-27 17:58:36,28.6585,-17.9182,76.12,85,75,12.66
347,Andilamena,MG,2021-09-27 17:58:36,-17.0167,48.5833,59.52,87,42,7.11
348,Kasongo-Lunda,CD,2021-09-27 17:58:36,-6.4667,16.8167,72.5,89,83,1.61
349,Prince Albert,CA,2021-09-27 17:58:37,53.2001,-105.7677,60.75,59,75,2.3
350,Vardo,NO,2021-09-27 17:58:37,70.3705,31.1107,55.15,87,0,16.11
351,Itarema,BR,2021-09-27 17:54:08,-2.9248,-39.9167,86.27,62,41,19.57
352,Moore,US,2021-09-27 17:57:28,35.3395,-97.4867,91.6,35,1,7.0
353,Broome,US,2021-09-27 17:58:37,42.2506,-75.833,75.61,58,61,3.0
354,Nebolchi,RU,2021-09-27 17:58:38,59.1239,33.3454,44.08,96,17,5.37
355,Beloha,MG,2021-09-27 17:58:38,-25.1667,45.05,75.74,51,3,12.73
356,Fortuna,US,2021-09-27 17:58:39,40.5982,-124.1573,65.66,84,90,10.36
357,Royan,FR,2021-09-27 17:58:39,45.6285,-1.0281,66.24,68,22,8.39
358,Lasa,IT,2021-09-27 17:58:40,46.6166,10.7002,65.03,76,89,5.79
359,Jiayuguan,CN,2021-09-27 17:58:40,39.8167,98.3,62.33,18,0,4.54
360,Sabang,ID,2021-09-27 17:58:40,5.8933,95.3214,81.46,76,76,11.03
361,Muskegon Heights,US,2021-09-27 17:58:40,43.2011,-86.239,79.12,74,29,1.01
362,Santa Vitoria Do Palmar,BR,2021-09-27 17:55:15,-33.5189,-53.3681,69.03,62,5,7.58
363,Aqtobe,KZ,2021-09-27 17:58:41,50.2797,57.2072,39.29,87,75,11.18
364,Tazmalt,DZ,2021-09-27 17:58:41,36.3868,4.3989,77.25,68,100,5.35
365,Margate,GB,2021-09-27 17:55:20,51.3813,1.3862,62.46,63,21,1.01
366,Mehriz,IR,2021-09-27 17:58:42,31.5917,54.4318,75.7,24,0,0.74
367,Vostok,RU,2021-09-27 17:58:42,46.4856,135.8833,53.85,94,100,4.07
368,Hamilton,US,2021-09-27 17:58:43,39.1834,-84.5333,84.22,50,0,3.0
369,Nicolet,CA,2021-09-27 17:53:46,46.2168,-72.6158,66.11,70,75,11.5
370,Koutsouras,GR,2021-09-27 17:58:43,35.0339,25.9469,78.12,47,0,8.23
371,Sangar,RU,2021-09-27 17:58:44,63.9242,127.4739,34.7,77,3,1.12
372,Mana,GF,2021-09-27 17:58:44,5.6592,-53.7767,87.51,63,8,12.1
373,Progreso,MX,2021-09-27 17:58:45,21.2833,-89.6667,91.11,59,58,12.59
374,Grindavik,IS,2021-09-27 17:57:13,63.8424,-22.4338,39.15,70,75,35.68
375,Buraydah,SA,2021-09-27 17:55:28,26.326,43.975,88.25,14,45,10.56
376,Dingle,PH,2021-09-27 17:58:45,10.9995,122.6711,75.83,90,98,3.04
377,Defiance,US,2021-09-27 17:58:46,41.3334,-84.45,82.69,56,9,16.84
378,Humaita,BR,2021-09-27 17:58:46,-7.5061,-63.0208,99.01,35,63,1.16
379,Celestun,MX,2021-09-27 17:58:46,20.8667,-90.4,88.68,55,17,5.93
380,Lumeje,AO,2021-09-27 17:58:47,-11.55,20.7833,75.11,45,73,7.38
381,Berlevag,NO,2021-09-27 17:58:47,70.8578,29.0864,55.2,81,0,3.44
382,Nioro,GM,2021-09-27 17:58:47,13.35,-15.75,88.03,71,91,1.79
383,Tabas,IR,2021-09-27 17:58:48,33.5959,56.9244,81.52,22,0,4.99
384,Mitsamiouli,KM,2021-09-27 17:58:48,-11.3847,43.2844,79.09,73,20,4.61
385,Price,US,2021-09-27 17:55:07,39.5994,-110.8107,75.72,26,1,4.45
386,Neiafu,TO,2021-09-27 17:58:49,-18.65,-173.9833,70.48,94,40,0.0
387,Bathsheba,BB,2021-09-27 17:58:49,13.2167,-59.5167,88.41,66,20,9.22
388,Luwingu,ZM,2021-09-27 17:58:50,-10.2621,29.9271,73.58,39,99,3.69
389,Sambava,MG,2021-09-27 17:58:50,-14.2667,50.1667,73.22,83,0,15.19
390,Zhigansk,RU,2021-09-27 17:58:50,66.7697,123.3711,34.3,87,39,26.82
391,Nishihara,JP,2021-09-27 17:58:51,26.1842,127.7558,79.88,83,20,8.05
392,Coahuayana,MX,2021-09-27 17:58:51,18.7333,-103.6833,88.93,61,95,4.07
393,Salina Cruz,MX,2021-09-27 17:58:51,16.1667,-95.2,89.64,56,19,8.01
394,Matara,LK,2021-09-27 17:58:51,5.9485,80.5353,78.51,83,63,15.19
395,Merauke,ID,2021-09-27 17:58:52,-8.4667,140.3333,76.62,89,100,10.63
396,Yerbogachen,RU,2021-09-27 17:58:52,61.2767,108.0108,33.08,87,100,13.65
397,Batagay-Alyta,RU,2021-09-27 17:58:52,67.8006,130.4114,26.1,91,86,3.87
398,Zhanaozen,KZ,2021-09-27 17:56:12,43.3,52.8,60.17,72,21,11.99
399,Sakakah,SA,2021-09-27 17:57:46,29.9697,40.2064,90.97,19,0,9.1
400,Luderitz,NA,2021-09-27 17:58:53,-26.6481,15.1594,59.45,72,0,27.0
401,Tutoia,BR,2021-09-27 17:58:53,-2.7619,-42.2744,87.78,67,33,13.27
402,Oranjestad,AW,2021-09-27 17:58:54,12.524,-70.027,91.35,58,20,18.41
403,Lagoa,PT,2021-09-27 17:58:55,39.05,-27.9833,68.59,76,100,18.03
404,Isabela,PH,2021-09-27 17:58:55,6.7085,121.9711,78.93,82,97,3.22
405,Tilichiki,RU,2021-09-27 17:58:55,60.4667,166.1,32.16,80,79,3.85
406,Sorong,ID,2021-09-27 17:58:56,-0.8833,131.25,78.53,86,98,4.76
407,Barabai,ID,2021-09-27 17:58:56,-2.5833,115.3833,73.78,96,91,1.79
408,Requena,ES,2021-09-27 17:58:57,39.4883,-1.1004,71.53,38,99,3.13
409,Toamasina,MG,2021-09-27 17:58:57,-18.1667,49.3833,71.6,88,75,4.61
410,Arlit,NE,2021-09-27 17:58:57,18.7369,7.3853,93.51,8,0,8.52
411,Exeter,GB,2021-09-27 17:54:42,50.7236,-3.5275,59.85,73,20,13.8
412,Jacareacanga,BR,2021-09-27 17:58:58,-6.2222,-57.7528,73.71,94,75,2.3
413,Flin Flon,CA,2021-09-27 17:58:58,54.7682,-101.865,58.84,67,40,8.05
414,Kulevcha,UA,2021-09-27 17:58:58,46.0303,29.9361,55.98,56,90,2.8
415,Santa Cruz,BO,2021-09-27 17:57:06,-17.8,-63.1667,93.25,46,40,19.57
416,Xichang,CN,2021-09-27 17:58:59,27.8964,102.2634,66.6,78,55,2.39
417,Alzamay,RU,2021-09-27 17:58:59,55.5562,98.6644,33.55,97,99,7.25
418,Loa Janan,ID,2021-09-27 17:58:59,-0.583,117.095,73.8,98,85,2.08
419,Morena,IN,2021-09-27 17:59:00,26.4969,78.0,82.98,74,99,7.05
420,Alta Floresta,BR,2021-09-27 17:59:00,-9.8756,-56.0861,82.22,69,75,4.61
421,Puerto Ayacucho,VE,2021-09-27 17:59:01,5.6639,-67.6236,88.23,60,67,4.47
422,Steamboat Springs,US,2021-09-27 17:58:28,40.485,-106.8317,74.01,27,1,0.0
423,Bonthe,SL,2021-09-27 17:59:01,7.5264,-12.505,77.49,84,100,15.3
424,Namanga,KE,2021-09-27 17:59:01,-2.5433,36.7905,73.33,42,94,4.41
425,Lufilufi,WS,2021-09-27 17:59:02,-13.8745,-171.5986,73.18,73,12,10.45
426,Khed Brahma,IN,2021-09-27 17:59:02,24.0333,73.05,80.44,82,63,4.21
427,Muzhi,RU,2021-09-27 17:57:55,65.3667,64.6667,33.46,78,100,7.11
428,Krasnoselkup,RU,2021-09-27 17:59:03,65.7,82.4667,33.04,85,70,8.61
429,Niigata,JP,2021-09-27 17:57:10,37.9022,139.0236,59.92,72,98,10.42
430,Oktyabrskiy,RU,2021-09-27 17:59:03,54.4815,53.471,37.36,94,100,15.03
431,Osakarovka,KZ,2021-09-27 17:59:03,50.565,72.5692,38.08,69,100,16.96
432,Tuy Hoa,VN,2021-09-27 17:55:24,13.0833,109.3,76.6,90,49,4.47
433,Shimoda,JP,2021-09-27 17:59:04,34.6667,138.95,64.11,83,19,16.75
434,Grajau,BR,2021-09-27 17:54:27,-5.8194,-46.1386,97.83,28,62,6.24
435,Saint-Paul,RE,2021-09-27 17:59:04,-21.0096,55.2707,71.71,73,55,3.33
436,Bubaque,GW,2021-09-27 17:59:05,11.2833,-15.8333,84.56,72,96,5.68
437,Baykalovo,RU,2021-09-27 17:59:05,57.3981,63.7684,41.63,60,49,11.36
438,Riohacha,CO,2021-09-27 17:56:14,11.5444,-72.9072,89.92,62,76,14.54
439,La Ronge,CA,2021-09-27 17:59:05,55.1001,-105.2842,59.22,62,40,8.05
440,Panalingaan,PH,2021-09-27 17:59:06,8.7842,117.4231,78.96,87,46,3.09
441,Kathu,TH,2021-09-27 17:59:06,7.9178,98.3332,75.02,80,100,8.19
442,Mexico,PH,2021-09-27 17:59:06,15.0646,120.7198,82.42,90,67,1.48
443,Cairns,AU,2021-09-27 17:59:07,-16.9167,145.7667,72.07,93,75,10.36
444,Vendas Novas,PT,2021-09-27 17:59:07,38.6771,-8.4579,77.11,52,55,5.53
445,Sur,OM,2021-09-27 17:55:34,22.5667,59.5289,83.91,69,80,6.44
446,San Jose,US,2021-09-27 17:55:26,37.3394,-121.895,71.71,74,75,4.61
447,Boyolangu,ID,2021-09-27 17:56:48,-8.1181,111.8935,74.48,83,90,7.47
448,Pangai,TO,2021-09-27 17:58:01,-19.8,-174.35,73.51,64,20,6.91
449,Ewo,CG,2021-09-27 17:59:08,-0.8725,14.8206,75.0,84,92,2.06
450,Baffa,PK,2021-09-27 17:59:09,34.4378,73.2194,71.13,76,0,3.89
451,Moroni,KM,2021-09-27 17:59:09,-11.7022,43.2551,78.8,73,20,4.61
452,Birjand,IR,2021-09-27 17:59:09,32.8663,59.2211,77.47,10,0,0.0
453,Lichuan,CN,2021-09-27 17:59:09,30.3,108.85,62.6,96,1,2.82
454,Hofn,IS,2021-09-27 17:59:10,64.2539,-15.2082,44.62,76,75,17.27
455,Clarksville,US,2021-09-27 17:57:18,36.5298,-87.3595,82.69,55,0,11.16
456,Jacqueville,CI,2021-09-27 17:59:10,5.2052,-4.4146,80.51,89,97,12.06
457,Balkanabat,TM,2021-09-27 17:59:11,39.5108,54.3671,71.55,36,1,2.68
458,Karpathos,GR,2021-09-27 17:59:11,35.507,27.2132,73.36,68,20,25.32
459,Llanes,ES,2021-09-27 17:59:11,43.4198,-4.7549,66.88,78,100,3.0
460,Bonfim,BR,2021-09-27 17:59:11,3.0833,-59.95,91.74,47,32,2.33
461,Belyy Yar,RU,2021-09-27 17:59:12,53.6039,91.3903,37.29,75,0,2.24
462,Caravelas,BR,2021-09-27 17:55:08,-17.7125,-39.2481,78.44,69,96,10.0
463,Wakkanai,JP,2021-09-27 17:59:12,45.4094,141.6739,61.05,83,100,14.23
464,Huarmey,PE,2021-09-27 17:59:13,-10.0681,-78.1522,68.97,71,44,10.71
465,Zalesovo,RU,2021-09-27 17:59:13,53.9939,84.7431,31.17,94,48,6.55
466,Olafsvik,IS,2021-09-27 17:59:13,64.8945,-23.7142,37.09,76,100,38.18
467,Jackson,US,2021-09-27 17:59:14,42.4165,-122.8345,65.35,86,98,1.99
468,Kysyl-Syr,RU,2021-09-27 17:59:14,63.8986,122.7617,30.56,94,24,7.27
469,Vieksniai,LT,2021-09-27 17:55:08,56.2333,22.5167,48.97,84,12,8.1
470,Uglovskoye,RU,2021-09-27 17:59:14,51.3557,80.1942,37.92,82,100,9.62
471,Sardarshahr,IN,2021-09-27 17:59:15,28.4333,74.4833,85.26,61,87,7.81
472,Havelock,US,2021-09-27 17:59:15,34.8791,-76.9013,83.05,50,7,1.99
473,Nouakchott,MR,2021-09-27 17:59:16,18.0858,-15.9785,84.13,73,49,9.82
474,Henties Bay,NA,2021-09-27 17:59:16,-22.116,14.2845,58.86,93,11,9.89
475,Andrid,RO,2021-09-27 17:59:17,47.5167,22.35,66.45,62,33,3.13
476,Labrea,BR,2021-09-27 17:59:17,-7.2586,-64.7981,94.06,42,44,1.16
477,Butajira,ET,2021-09-27 17:59:17,8.1167,38.3667,59.4,78,91,2.44
478,Flinders,AU,2021-09-27 17:55:01,-34.5833,150.8552,55.8,76,63,9.1
479,Talnakh,RU,2021-09-27 17:59:18,69.4865,88.3972,31.33,58,23,2.28
480,Paamiut,GL,2021-09-27 17:59:19,61.994,-49.6678,33.75,57,0,7.14
481,Odweyne,SO,2021-09-27 17:59:19,9.4092,45.064,83.82,28,97,4.21
482,Bundaberg,AU,2021-09-27 17:59:19,-24.85,152.35,66.49,73,75,5.01
483,Tolaga Bay,NZ,2021-09-27 17:59:20,-38.3667,178.3,48.16,94,100,8.88
484,Belle Glade,US,2021-09-27 17:59:20,26.6845,-80.6676,89.62,51,16,9.62
485,Hami,CN,2021-09-27 17:59:20,42.8,93.45,65.64,19,0,2.24
486,Faya,SA,2021-09-27 17:59:21,18.3851,42.4509,72.12,28,57,4.12
487,Tokur,RU,2021-09-27 17:59:21,53.1333,132.9,39.6,97,44,4.27
488,Pacific Grove,US,2021-09-27 17:59:21,36.6177,-121.9166,72.43,81,40,3.0
489,San Lazaro,BZ,2021-09-27 17:59:22,18.0387,-88.6622,87.51,54,47,5.84
490,Acapulco,MX,2021-09-27 17:54:24,16.8634,-99.8901,85.05,65,85,5.35
491,Gobabis,NA,2021-09-27 17:59:22,-22.45,18.9667,80.74,11,82,8.68
492,Bucak,TR,2021-09-27 17:59:22,37.4592,30.595,70.32,39,15,3.98
493,Nizhniy Tsasuchey,RU,2021-09-27 17:59:23,50.5167,115.1333,43.23,71,100,15.9
494,Datong,CN,2021-09-27 17:59:23,40.0936,113.2914,61.14,54,100,5.14
495,Castleblayney,IE,2021-09-27 17:59:23,54.1167,-6.7333,53.04,80,32,10.78
496,Assens,DK,2021-09-27 17:59:24,55.2702,9.9008,66.42,91,100,13.94
497,Markova,UA,2021-09-27 17:59:24,48.6758,24.4138,54.99,84,50,3.87
498,Roald,NO,2021-09-27 17:59:24,62.5833,6.1333,68.92,55,0,12.66
499,Nemuro,JP,2021-09-27 17:59:25,43.3236,145.575,56.21,80,1,10.13
500,Castanhal,BR,2021-09-27 17:59:25,-1.2939,-47.9264,85.59,49,29,1.86
501,Marystown,CA,2021-09-27 17:59:25,47.1666,-55.1483,66.85,100,97,3.0
502,La Peca,PE,2021-09-27 17:59:26,-5.6111,-78.435,84.78,48,46,4.9
503,Chumikan,RU,2021-09-27 17:59:26,54.7183,135.315,47.23,84,100,7.36
504,Isla Vista,US,2021-09-27 17:59:26,34.4133,-119.861,71.78,65,42,4.23
505,Algodones,MX,2021-09-27 17:59:27,20.3888,-105.4773,81.14,65,97,4.59
506,Wanning,CN,2021-09-27 17:59:27,18.8003,110.3967,78.75,87,35,3.2
507,Guerrero Negro,MX,2021-09-27 17:59:27,27.9769,-114.0611,72.84,62,23,12.62
508,Mnogovershinnyy,RU,2021-09-27 17:59:28,53.9353,139.9242,47.16,96,100,4.29
509,Nuristan,AF,2021-09-27 17:59:28,35.3,70.8333,45.14,76,14,2.01
510,Boguchany,RU,2021-09-27 17:59:28,58.3814,97.4531,33.85,99,100,5.28
511,Goma,CD,2021-09-27 17:59:29,-1.6792,29.2228,65.93,79,71,3.11
512,Dumka,IN,2021-09-27 17:59:29,24.2667,87.25,77.76,91,68,4.32
513,Atherton,GB,2021-09-27 17:59:29,53.5237,-2.4935,58.55,68,23,3.0
514,Sinnar,SD,2021-09-27 17:59:30,13.5691,33.5672,87.78,46,78,7.43
515,Matagami,CA,2021-09-27 17:59:30,49.7502,-77.6328,48.31,87,90,12.66
516,Bima,ID,2021-09-27 17:59:30,-8.4667,118.7167,75.09,88,51,4.12
517,Ayabaca,PE,2021-09-27 17:59:31,-4.6398,-79.7149,67.15,38,48,4.97
518,Quatre Cocos,MU,2021-09-27 17:59:31,-20.2078,57.7625,72.09,71,13,16.93
519,Jurm,AF,2021-09-27 17:59:31,36.8648,70.8342,58.8,32,0,3.22
520,Mahanoro,MG,2021-09-27 17:59:32,-19.9,48.8,68.68,85,0,1.52
521,Honiara,SB,2021-09-27 17:59:32,-9.4333,159.95,76.24,90,100,5.28
522,Taylorville,US,2021-09-27 17:59:32,39.5489,-89.2945,87.87,35,1,16.11
523,Alice Springs,AU,2021-09-27 17:59:33,-23.7,133.8833,78.35,15,76,13.8
524,Codrington,AU,2021-09-27 17:59:33,-38.2667,141.9667,47.88,74,98,7.72
525,Arecibo,PR,2021-09-27 17:59:33,18.4724,-66.7157,90.55,74,5,5.99
526,Pombas,CV,2021-09-27 17:59:34,17.1503,-25.0201,85.78,76,12,14.12
527,Colomi,BO,2021-09-27 17:59:34,-17.35,-65.8667,75.22,66,54,9.17
528,Ulety,RU,2021-09-27 17:59:34,51.3572,112.4849,37.17,60,100,5.55
529,Tigil,RU,2021-09-27 17:59:35,57.8,158.6667,35.64,92,61,2.42
530,Cobija,BO,2021-09-27 17:59:35,-11.0267,-68.7692,95.18,46,40,6.91
531,Padang,ID,2021-09-27 17:59:35,-0.9492,100.3543,78.85,90,94,4.12
532,Neringa,LT,2021-09-27 17:59:35,55.3719,21.0647,50.09,72,36,18.61
533,Gornopravdinsk,RU,2021-09-27 17:59:36,60.05,69.9,32.18,94,6,5.44
534,Kirkland Lake,CA,2021-09-27 17:59:36,48.1446,-80.0377,49.03,71,77,9.71
535,Shingu,JP,2021-09-27 17:59:36,33.7333,135.9833,70.74,87,50,11.63
536,Kushiro,JP,2021-09-27 17:59:37,42.975,144.3747,52.86,90,10,2.46
537,Tiarei,PF,2021-09-27 17:59:37,-17.5333,-149.3333,80.62,79,99,17.52
538,Mauriti,BR,2021-09-27 17:59:38,-7.3892,-38.7744,96.98,21,51,10.78
539,Chapais,CA,2021-09-27 17:59:38,49.7834,-74.8492,46.18,83,100,10.63
540,Puerto Escondido,MX,2021-09-27 17:59:38,15.85,-97.0667,86.41,64,63,5.32
541,Virginia Beach,US,2021-09-27 17:58:13,36.8529,-75.978,82.02,44,30,5.01
542,Ormara,PK,2021-09-27 17:59:39,25.2088,64.6357,83.79,74,72,10.76
543,Hirara,JP,2021-09-27 17:57:19,24.8,125.2833,83.59,71,57,17.13
544,Utinga,BR,2021-09-27 17:59:39,-5.8172,-35.3954,85.05,65,75,18.41
545,Shubarshi,KZ,2021-09-27 17:59:40,48.5872,57.1869,50.16,64,55,7.31
546,Hazorasp,UZ,2021-09-27 17:59:40,41.3194,61.0742,55.24,38,0,4.76
547,Mecca,SA,2021-09-27 17:59:40,21.4267,39.8261,89.8,41,41,6.49
548,Amursk,RU,2021-09-27 17:59:41,50.2261,136.8994,58.23,97,100,10.0
549,Broken Hill,AU,2021-09-27 17:57:59,-31.95,141.4333,55.11,24,42,8.05
550,Jaciara,BR,2021-09-27 17:59:41,-15.9653,-54.9683,101.62,21,4,3.31
551,Moyale,KE,2021-09-27 17:59:41,3.5167,39.0584,76.53,39,72,8.55
552,Souillac,MU,2021-09-27 17:59:42,-20.5167,57.5167,72.36,78,40,14.97
553,Kulhudhuffushi,MV,2021-09-27 17:59:42,6.6221,73.07,81.81,75,100,20.56
554,Marsaxlokk,MT,2021-09-27 17:59:43,35.8419,14.5431,80.08,83,20,6.91
555,Nouadhibou,MR,2021-09-27 17:59:43,20.931,-17.0347,89.58,37,0,8.05
556,Ryotsu,JP,2021-09-27 17:59:43,38.0833,138.4333,66.42,77,96,6.89
557,Springfield,US,2021-09-27 17:57:32,37.2153,-93.2982,86.54,47,62,8.01
558,Shahrud,IR,2021-09-27 17:59:44,36.4182,54.9763,64.69,28,0,3.6
559,Semnan,IR,2021-09-27 17:59:44,35.5729,53.3971,69.62,38,0,1.54
560,Salinopolis,BR,2021-09-27 17:59:44,-0.6136,-47.3561,84.97,65,30,12.59
561,Minab,IR,2021-09-27 17:59:44,27.1467,57.0801,87.3,61,49,1.3
