City_ID,City,Country,Date,Lat,Lng,Max Temp,Humidity,Cloudiness,Wind Speed,Weather
0,Waddan,LY,2021-09-29 03:04:51,29.1614,16.139,73.94,32,0,3.89,clear sky
1,Mataura,NZ,2021-09-29 03:04:52,-46.1927,168.8643,47.48,92,88,7.7,overcast clouds
2,Souillac,MU,2021-09-29 02:55:42,-20.5167,57.5167,74.35,68,75,11.5,broken clouds
3,Hasaki,JP,2021-09-29 02:56:07,35.7333,140.8333,77.29,65,89,11.12,overcast clouds
4,Albany,US,2021-09-29 03:04:16,42.6001,-73.9662,55.58,73,99,5.01,overcast clouds
5,Cherskiy,RU,2021-09-29 02:54:59,68.75,161.3,24.24,92,100,11.83,light snow
6,Butaritari,KI,2021-09-29 03:04:53,3.0707,172.7902,83.55,73,66,19.33,broken clouds
7,Castro,BR,2021-09-29 03:01:34,-24.7911,-50.0119,62.13,86,87,0.65,overcast clouds
8,Lagoa,PT,2021-09-29 02:55:26,39.05,-27.9833,70.7,88,92,17.2,overcast clouds
9,Santiago Del Estero,AR,2021-09-29 02:51:32,-27.7951,-64.2615,63.81,71,3,8.75,clear sky
10,Kloulklubed,PW,2021-09-29 03:04:53,7.0419,134.2556,88.3,71,100,9.28,overcast clouds
11,Bethel,US,2021-09-29 03:04:54,41.3712,-73.414,63.64,86,1,3.44,clear sky
12,Bandar-E Lengeh,IR,2021-09-29 03:04:54,26.5579,54.8807,87.21,61,32,3.74,scattered clouds
13,Qaqortoq,GL,2021-09-29 02:57:24,60.7167,-46.0333,34.14,46,0,5.35,clear sky
14,Lebu,CL,2021-09-29 03:04:54,-37.6167,-73.65,46.58,83,46,4.97,scattered clouds
15,Busselton,AU,2021-09-29 03:03:40,-33.65,115.3333,64.04,80,73,15.32,moderate rain
16,Bredasdorp,ZA,2021-09-29 03:03:57,-34.5322,20.0403,47.28,87,12,3.24,few clouds
17,Bulungu,CD,2021-09-29 03:04:55,-4.55,18.6,71.17,94,89,1.61,light rain
18,Port-Cartier,CA,2021-09-29 03:04:55,50.0334,-66.8654,44.74,80,94,3.83,overcast clouds
19,Rikitea,PF,2021-09-29 03:03:35,-23.1203,-134.9692,73.69,64,100,16.71,overcast clouds
20,Kapaa,US,2021-09-29 03:04:19,22.0752,-159.319,84.18,79,75,4.0,light rain
21,Arlit,NE,2021-09-29 03:04:56,18.7369,7.3853,86.54,23,44,8.61,scattered clouds
22,North Bend,US,2021-09-29 03:04:56,43.4065,-124.2243,55.31,92,1,0.0,haze
23,College,US,2021-09-29 03:04:57,64.8569,-147.8028,33.78,66,1,0.0,clear sky
24,Cape Town,ZA,2021-09-29 03:02:18,-33.9258,18.4232,59.27,72,0,20.29,clear sky
25,Ushuaia,AR,2021-09-29 03:01:43,-54.8,-68.3,39.63,73,100,14.36,overcast clouds
26,Chuy,UY,2021-09-29 03:04:03,-33.6971,-53.4616,57.18,84,97,12.3,overcast clouds
27,Puerto Ayora,EC,2021-09-29 03:04:57,-0.7393,-90.3518,69.6,91,70,7.0,broken clouds
28,Arraial Do Cabo,BR,2021-09-29 02:55:50,-22.9661,-42.0278,70.74,89,12,22.68,few clouds
29,Gushikawa,JP,2021-09-29 03:04:58,26.3544,127.8686,88.83,71,75,16.11,broken clouds
30,Atuona,PF,2021-09-29 02:50:55,-9.8,-139.0333,78.03,75,7,19.51,clear sky
31,Codrington,AU,2021-09-29 02:55:05,-38.2667,141.9667,60.49,71,100,18.52,overcast clouds
32,Cidreira,BR,2021-09-29 02:55:16,-30.1811,-50.2056,63.16,93,100,2.66,overcast clouds
33,Hobart,AU,2021-09-29 03:04:58,-42.8794,147.3294,58.23,60,40,1.99,scattered clouds
34,Vaini,TO,2021-09-29 03:03:52,-21.2,-175.2,78.96,89,20,9.22,few clouds
35,Qaanaaq,GL,2021-09-29 02:55:18,77.484,-69.3632,27.14,75,100,3.58,overcast clouds
36,Thompson,CA,2021-09-29 02:55:22,55.7435,-97.8558,55.56,58,40,8.05,scattered clouds
37,Bambous Virieux,MU,2021-09-29 02:55:35,-20.3428,57.7575,74.21,68,75,11.5,broken clouds
38,Tuktoyaktuk,CA,2021-09-29 03:03:18,69.4541,-133.0374,33.8,100,90,12.66,light snow
39,Jamestown,US,2021-09-29 03:04:59,42.097,-79.2353,53.24,82,1,3.44,clear sky
40,Punta Arenas,CL,2021-09-29 03:05:00,-53.15,-70.9167,46.51,46,20,40.29,few clouds
41,Shaoguan,CN,2021-09-29 03:05:00,24.8,113.5833,95.83,49,34,0.96,scattered clouds
42,Ribeira Grande,PT,2021-09-29 03:05:00,38.5167,-28.7,72.1,88,16,14.38,few clouds
43,Ponta Do Sol,PT,2021-09-29 03:05:01,32.6667,-17.1,73.71,77,68,7.07,broken clouds
44,Korla,CN,2021-09-29 02:55:17,41.7597,86.1469,72.91,18,94,5.37,overcast clouds
45,Airai,TL,2021-09-29 02:55:08,-8.9266,125.4092,82.31,26,16,3.87,few clouds
46,Fayaoue,NC,2021-09-29 03:05:01,-20.65,166.5333,73.96,69,31,17.38,scattered clouds
47,Longyearbyen,SJ,2021-09-29 02:55:28,78.2186,15.6401,35.44,75,75,14.97,broken clouds
48,Praya,CV,2021-09-29 03:02:13,14.9215,-23.5087,77.54,78,0,1.14,clear sky
49,Cururupu,BR,2021-09-29 03:05:05,-1.8283,-44.8683,76.08,90,46,3.74,scattered clouds
50,Kavieng,PG,2021-09-29 03:05:06,-2.5744,150.7967,84.45,72,25,8.41,light rain
51,Puerto Quijarro,BO,2021-09-29 03:05:06,-17.7833,-57.7667,80.64,45,0,0.87,clear sky
52,Liku,ID,2021-09-29 03:05:06,-0.7275,119.8922,87.39,63,96,2.08,overcast clouds
53,Gat,IL,2021-09-29 02:55:36,31.61,34.7642,72.39,100,26,2.62,scattered clouds
54,Trairi,BR,2021-09-29 03:04:43,-3.2778,-39.2689,78.98,84,5,13.33,clear sky
55,Thinadhoo,MV,2021-09-29 03:05:07,0.5333,72.9333,82.71,73,78,10.71,broken clouds
56,Sitka,US,2021-09-29 02:56:05,57.0531,-135.33,46.35,82,100,7.16,overcast clouds
57,Yellowknife,CA,2021-09-29 03:00:20,62.456,-114.3525,48.42,100,46,5.99,scattered clouds
58,Bardiyah,LY,2021-09-29 03:05:08,31.7561,25.0865,73.13,87,0,12.03,clear sky
59,Ginir,ET,2021-09-29 02:55:51,7.1333,40.7,60.19,83,94,3.29,overcast clouds
60,Tuatapere,NZ,2021-09-29 03:05:08,-46.1333,167.6833,47.82,77,68,16.33,broken clouds
61,Kerchevskiy,RU,2021-09-29 03:05:09,59.946,56.2884,30.85,92,51,3.38,broken clouds
62,Zhigansk,RU,2021-09-29 02:55:42,66.7697,123.3711,34.92,69,47,20.33,scattered clouds
63,Grand Gaube,MU,2021-09-29 02:57:39,-20.0064,57.6608,74.37,65,38,8.99,scattered clouds
64,Dingle,PH,2021-09-29 03:05:09,10.9995,122.6711,86.56,73,80,7.05,broken clouds
65,Biloela,AU,2021-09-29 03:00:17,-24.4167,150.5,72.68,53,99,16.82,overcast clouds
66,Straumen,NO,2021-09-29 03:05:10,63.8709,11.2999,54.63,85,97,4.59,overcast clouds
67,Pailon,BO,2021-09-29 03:05:10,-17.65,-62.75,76.39,57,0,4.94,clear sky
68,Gizo,SB,2021-09-29 03:05:10,-8.103,156.8419,83.39,74,97,5.99,moderate rain
69,Lompoc,US,2021-09-29 03:01:18,34.6391,-120.4579,62.94,76,1,25.99,clear sky
70,Hermanus,ZA,2021-09-29 03:05:11,-34.4187,19.2345,57.9,84,16,9.6,few clouds
71,Mount Pleasant,US,2021-09-29 03:01:52,32.7941,-79.8626,75.0,82,1,3.0,clear sky
72,Bereda,ES,2021-09-29 03:05:09,43.2686,-7.5406,56.95,98,92,2.73,overcast clouds
73,Iqaluit,CA,2021-09-29 03:05:12,63.7506,-68.5145,25.7,92,100,1.99,overcast clouds
74,Nancha,CN,2021-09-29 03:05:12,47.1333,129.2667,59.63,96,100,2.15,overcast clouds
75,Stokmarknes,NO,2021-09-29 03:05:12,68.5646,14.9108,51.76,79,100,3.47,overcast clouds
76,Upernavik,GL,2021-09-29 03:05:13,72.7868,-56.1549,25.61,52,15,3.91,few clouds
77,Aklavik,CA,2021-09-29 02:56:24,68.2191,-135.0107,32.83,94,100,20.92,light snow
78,Northam,GB,2021-09-29 02:57:38,51.0333,-4.2167,56.3,80,4,16.75,light rain
79,Dikson,RU,2021-09-29 03:05:14,73.5069,80.5464,36.66,95,100,8.99,overcast clouds
80,Santa Rosa,PH,2021-09-29 03:03:12,14.3122,121.1114,89.1,66,51,4.23,broken clouds
81,Zhigalovo,RU,2021-09-29 02:55:58,54.8097,105.1578,37.17,74,99,5.23,overcast clouds
82,Port Elizabeth,ZA,2021-09-29 03:05:14,-33.918,25.5701,50.09,83,100,10.96,overcast clouds
83,Islamkot,PK,2021-09-29 03:05:15,24.6997,70.177,89.29,57,19,16.8,light rain
84,Saskylakh,RU,2021-09-29 03:03:51,71.9167,114.0833,28.11,78,100,4.97,overcast clouds
85,Kahului,US,2021-09-29 02:55:43,20.8947,-156.47,79.86,78,54,5.01,broken clouds
86,Eregli,TR,2021-09-29 03:05:15,37.5133,34.0467,56.62,58,0,0.81,clear sky
87,Takab,IR,2021-09-29 03:05:16,36.4009,47.1133,50.13,35,0,2.1,clear sky
88,Narrabri,AU,2021-09-29 03:05:16,-30.3167,149.7833,58.3,93,100,10.96,light rain
89,Faanui,PF,2021-09-29 02:57:08,-16.4833,-151.75,78.78,75,18,14.79,light rain
90,Ilulissat,GL,2021-09-29 03:05:17,69.2167,-51.1,26.62,39,44,14.97,scattered clouds
91,Port Alfred,ZA,2021-09-29 03:05:17,-33.5906,26.891,58.17,85,100,10.74,overcast clouds
92,Kayerkan,RU,2021-09-29 03:05:17,69.3497,87.7602,33.57,62,22,5.48,few clouds
93,Altamont,US,2021-09-29 03:05:18,42.2068,-121.7372,46.78,70,1,3.0,clear sky
94,Saint George,US,2021-09-29 03:00:56,37.1041,-113.5841,81.07,28,20,1.01,few clouds
95,Karasjok,NO,2021-09-29 02:56:56,69.4719,25.5112,41.11,94,91,7.18,overcast clouds
96,Muisne,EC,2021-09-29 03:05:18,0.6,-80.0333,73.94,83,100,6.85,overcast clouds
97,Akyab,MM,2021-09-29 03:05:19,20.15,92.9,82.51,75,91,3.09,overcast clouds
98,Rabaul,PG,2021-09-29 03:05:19,-4.1967,152.1721,85.93,67,29,11.27,scattered clouds
99,Carutapera,BR,2021-09-29 03:05:20,-1.195,-46.02,75.78,91,12,5.32,few clouds
100,Hithadhoo,MV,2021-09-29 03:05:20,-0.6,73.0833,82.71,72,71,10.76,broken clouds
101,Kodinar,IN,2021-09-29 03:05:20,20.7903,70.7031,76.73,95,100,11.95,light rain
102,Oksfjord,NO,2021-09-29 03:05:21,70.2396,22.3479,45.52,83,92,0.81,overcast clouds
103,Khuzhir,RU,2021-09-29 03:05:21,53.1939,107.3397,37.13,64,100,7.36,overcast clouds
104,Erenhot,CN,2021-09-29 03:05:21,43.6475,111.9767,50.9,37,85,3.58,overcast clouds
105,Axim,GH,2021-09-29 02:57:57,4.8699,-2.2405,75.96,89,13,4.38,few clouds
106,Sechura,PE,2021-09-29 03:05:22,-5.5569,-80.8222,64.56,81,16,10.96,few clouds
107,Puerto Escondido,MX,2021-09-29 03:03:02,15.85,-97.0667,77.83,73,75,4.61,broken clouds
108,San Francisco,US,2021-09-29 03:05:13,37.7749,-122.4194,68.95,66,40,7.0,scattered clouds
109,Taltal,CL,2021-09-29 03:05:22,-25.4,-70.4833,62.67,64,19,4.81,few clouds
110,Vagur,FO,2021-09-29 03:04:14,61.4732,-6.8119,48.51,83,13,8.14,few clouds
111,Dukat,RU,2021-09-29 03:05:23,62.55,155.55,21.94,61,100,19.01,overcast clouds
112,Mount Gambier,AU,2021-09-29 03:05:23,-37.8333,140.7667,60.76,62,100,11.12,overcast clouds
113,Nemuro,JP,2021-09-29 02:55:35,43.3236,145.575,68.43,73,100,12.01,overcast clouds
114,Olafsvik,IS,2021-09-29 03:05:24,64.8945,-23.7142,40.96,83,100,23.31,overcast clouds
115,Westport,US,2021-09-29 03:05:24,41.1415,-73.3579,66.81,91,1,3.0,clear sky
116,Fortuna,US,2021-09-29 03:03:47,40.5982,-124.1573,56.66,69,1,1.01,clear sky
117,Jurmala,LV,2021-09-29 03:05:24,56.968,23.7704,48.22,87,0,4.61,clear sky
118,Sakaiminato,JP,2021-09-29 03:05:25,35.55,133.2333,78.19,70,77,12.39,broken clouds
119,Constitucion,CL,2021-09-29 02:56:33,-35.3333,-72.4167,49.17,62,0,7.29,clear sky
120,Itarema,BR,2021-09-29 02:57:30,-2.9248,-39.9167,79.03,83,11,15.35,few clouds
121,Taoudenni,ML,2021-09-29 03:05:25,22.6783,-3.9836,88.52,12,0,12.68,clear sky
122,Tiksi,RU,2021-09-29 02:55:48,71.6872,128.8694,32.86,84,100,1.92,overcast clouds
123,Sabang,ID,2021-09-29 03:05:26,5.8933,95.3214,80.62,75,100,5.93,overcast clouds
124,Pontes E Lacerda,BR,2021-09-29 03:05:26,-15.2261,-59.3353,79.7,52,43,2.21,scattered clouds
125,Rocha,UY,2021-09-29 02:55:33,-34.4833,-54.3333,52.61,79,70,7.36,broken clouds
126,Weirton,US,2021-09-29 03:05:27,40.419,-80.5895,59.67,85,1,4.7,clear sky
127,Spokoynaya,RU,2021-09-29 03:05:27,44.2468,41.4015,44.8,96,93,3.65,overcast clouds
128,Conceicao Do Araguaia,BR,2021-09-29 03:01:04,-8.2578,-49.2647,72.81,91,100,3.06,overcast clouds
129,Kaitangata,NZ,2021-09-29 03:05:27,-46.2817,169.8464,54.93,60,61,12.15,broken clouds
130,Neiafu,TO,2021-09-29 03:05:28,-18.65,-173.9833,81.28,78,40,8.05,scattered clouds
131,Hamilton,US,2021-09-29 03:01:57,39.1834,-84.5333,70.99,85,1,0.0,clear sky
132,Kasongo-Lunda,CD,2021-09-29 03:05:28,-6.4667,16.8167,70.59,92,68,1.07,broken clouds
133,Victoria,HK,2021-09-29 02:52:32,22.2855,114.1577,91.26,77,3,1.01,clear sky
134,Moose Factory,CA,2021-09-29 03:05:29,51.2585,-80.6094,44.58,93,90,4.61,overcast clouds
135,Lakhdenpokhya,RU,2021-09-29 03:05:29,61.5198,30.1992,45.82,92,65,1.61,broken clouds
136,Bowling Green,US,2021-09-29 03:05:29,36.9903,-86.4436,66.94,91,1,0.0,clear sky
137,Port Augusta,AU,2021-09-29 03:05:30,-32.5,137.7667,74.71,35,0,6.33,clear sky
138,Kitui,KE,2021-09-29 03:05:30,-1.367,38.0106,59.09,95,59,3.87,broken clouds
139,Alofi,NU,2021-09-29 03:04:22,-19.0595,-169.9187,78.69,89,75,13.8,light intensity shower rain
140,Lantana,US,2021-09-29 03:05:30,26.5867,-80.052,82.45,75,40,1.99,scattered clouds
141,Santa Cruz,BO,2021-09-29 02:57:20,-17.8,-63.1667,78.26,78,4,8.05,smoke
142,Port Macquarie,AU,2021-09-29 03:05:31,-31.4333,152.9167,76.37,55,100,19.75,overcast clouds
143,Paracuru,BR,2021-09-29 03:05:31,-3.41,-39.0306,80.62,84,3,15.43,clear sky
144,Mar Del Plata,AR,2021-09-29 03:05:31,-38.0023,-57.5575,44.01,100,0,0.0,clear sky
145,Vestmannaeyjar,IS,2021-09-29 03:05:32,63.4427,-20.2734,40.3,82,100,35.46,overcast clouds
146,Luderitz,NA,2021-09-29 03:04:40,-26.6481,15.1594,52.72,85,0,15.84,clear sky
147,Avarua,CK,2021-09-29 03:04:46,-21.2078,-159.775,80.65,69,40,6.91,scattered clouds
148,Shu,KZ,2021-09-29 03:05:32,43.5983,73.7614,63.21,31,94,5.28,overcast clouds
149,Faya,SA,2021-09-29 02:55:53,18.3851,42.4509,68.11,40,61,2.33,broken clouds
150,Mahibadhoo,MV,2021-09-29 03:02:01,3.7833,72.9667,82.53,76,78,11.43,broken clouds
151,Vila Franca Do Campo,PT,2021-09-29 02:56:42,37.7167,-25.4333,74.19,90,28,4.18,scattered clouds
152,Quime,BO,2021-09-29 03:05:33,-16.9833,-67.2167,50.92,86,36,1.3,scattered clouds
153,Margate,GB,2021-09-29 03:05:33,51.3813,1.3862,53.69,91,100,1.01,overcast clouds
154,Sao Joao Da Barra,BR,2021-09-29 03:05:10,-21.6403,-41.0511,72.21,87,1,17.81,clear sky
155,Troitsko-Pechorsk,RU,2021-09-29 03:05:34,62.7084,56.1964,38.82,94,100,4.12,overcast clouds
156,Aksha,RU,2021-09-29 03:05:34,50.2814,113.2867,42.82,42,79,15.7,broken clouds
157,El Reno,US,2021-09-29 03:05:34,35.5323,-97.955,79.54,66,40,34.52,light rain
158,Sao Filipe,CV,2021-09-29 02:56:39,14.8961,-24.4956,79.25,79,11,7.92,few clouds
159,Georgetown,MY,2021-09-29 03:05:35,5.4112,100.3354,79.9,92,40,3.44,scattered clouds
160,Bluff,NZ,2021-09-29 03:05:35,-46.6,168.3333,47.8,84,91,25.21,overcast clouds
161,Araouane,ML,2021-09-29 02:57:12,18.9048,-3.5265,89.44,12,0,8.12,clear sky
162,Paragominas,BR,2021-09-29 02:56:26,-2.9667,-47.4833,71.24,98,89,2.82,light rain
163,Krotovka,RU,2021-09-29 03:05:36,53.2858,51.1686,38.23,70,100,7.94,overcast clouds
164,Half Moon Bay,US,2021-09-29 02:56:46,37.4636,-122.4286,68.4,74,40,4.0,haze
165,Kedrovyy,RU,2021-09-29 03:05:36,56.1667,91.8167,36.01,73,35,6.35,scattered clouds
166,Bathsheba,BB,2021-09-29 02:55:56,13.2167,-59.5167,77.61,94,40,3.44,scattered clouds
167,Naples,IT,2021-09-29 03:05:37,40.8333,14.25,71.78,59,20,2.3,few clouds
168,Kropotkin,RU,2021-09-29 02:56:20,45.4375,40.5756,52.18,77,100,9.95,overcast clouds
169,Jiuquan,CN,2021-09-29 03:05:37,39.7432,98.5174,67.77,18,0,4.72,clear sky
170,Marsabit,KE,2021-09-29 03:05:38,2.3284,37.9899,61.43,77,54,13.51,broken clouds
171,Nikolskoye,RU,2021-09-29 03:05:38,59.7035,30.7861,48.87,72,100,2.46,overcast clouds
172,Saint-Philippe,RE,2021-09-29 02:56:05,-21.3585,55.7679,71.15,77,39,10.33,scattered clouds
173,Pop,UZ,2021-09-29 03:05:38,40.8736,71.1089,64.89,33,68,3.85,broken clouds
174,New Norfolk,AU,2021-09-29 03:05:39,-42.7826,147.0587,57.88,58,98,3.0,overcast clouds
175,Carnarvon,AU,2021-09-29 03:04:02,-24.8667,113.6333,77.07,47,3,8.05,clear sky
176,Seydi,TM,2021-09-29 03:05:39,39.4816,62.9137,65.46,34,0,7.87,clear sky
177,Guerrero Negro,MX,2021-09-29 02:55:42,27.9769,-114.0611,70.39,73,7,14.97,clear sky
178,Hilo,US,2021-09-29 03:03:50,19.7297,-155.09,76.24,90,90,4.61,light rain
179,Kodiak,US,2021-09-29 03:05:40,57.79,-152.4072,51.31,62,75,0.0,broken clouds
180,Severo-Kurilsk,RU,2021-09-29 02:55:50,50.6789,156.125,55.04,76,100,11.65,overcast clouds
181,The Valley,AI,2021-09-29 03:05:40,18.217,-63.0578,84.06,68,31,12.5,scattered clouds
182,Adrar,MR,2021-09-29 03:05:40,20.5022,-10.0711,86.72,10,0,6.73,clear sky
183,East London,ZA,2021-09-29 02:55:48,-33.0153,27.9116,61.79,75,100,10.22,overcast clouds
184,Barrow,US,2021-09-29 03:05:15,71.2906,-156.7887,30.22,80,90,4.61,overcast clouds
185,Tilichiki,RU,2021-09-29 03:05:41,60.4667,166.1,28.02,81,100,14.97,light snow
186,Praia,CV,2021-09-29 02:57:04,14.9215,-23.5087,77.54,78,0,2.3,clear sky
187,Pogar,RU,2021-09-29 03:05:42,52.554,33.2591,42.48,84,100,7.74,overcast clouds
188,Liseleje,DK,2021-09-29 03:05:42,56.0053,11.9483,48.02,71,100,6.64,overcast clouds
189,Florianopolis,BR,2021-09-29 03:05:42,-27.6146,-48.5012,69.42,91,75,4.61,broken clouds
190,Suluq,LY,2021-09-29 03:05:43,31.6682,20.2521,71.29,81,0,5.55,clear sky
191,Saint-Pierre,RE,2021-09-29 02:56:02,-21.3393,55.4781,71.24,68,0,6.91,clear sky
192,Saldanha,ZA,2021-09-29 03:05:43,-33.0117,17.9442,58.62,77,0,24.63,clear sky
193,San Quintin,MX,2021-09-29 03:05:44,30.4833,-115.95,67.6,80,19,16.89,few clouds
194,Ostroda,PL,2021-09-29 03:05:44,53.6967,19.9649,47.68,77,46,9.4,scattered clouds
195,Beira,MZ,2021-09-29 03:05:44,-19.8436,34.8389,72.3,88,22,1.48,few clouds
196,Nome,US,2021-09-29 03:05:45,64.5011,-165.4064,37.47,53,75,6.91,broken clouds
197,Esperance,AU,2021-09-29 02:56:12,-33.8667,121.9,62.44,58,92,5.01,overcast clouds
198,San Lawrenz,MT,2021-09-29 03:05:45,36.0553,14.204,75.85,88,21,11.99,few clouds
199,Noumea,NC,2021-09-29 02:57:49,-22.2763,166.4572,80.58,68,59,18.07,broken clouds
200,Jumla,NP,2021-09-29 03:01:21,29.2747,82.1838,66.2,74,26,3.33,scattered clouds
201,Lata,PT,2021-09-29 03:05:46,40.1629,-8.3327,57.81,95,11,3.36,few clouds
202,Broome,US,2021-09-29 02:56:26,42.2506,-75.833,49.68,78,51,1.01,broken clouds
203,Tasiilaq,GL,2021-09-29 03:03:48,65.6145,-37.6368,33.96,62,100,5.19,overcast clouds
204,Koungou,YT,2021-09-29 03:05:46,-12.7336,45.2042,73.11,94,0,2.3,clear sky
205,Tiarei,PF,2021-09-29 03:05:47,-17.5333,-149.3333,82.0,80,41,16.55,light rain
206,Ostrovnoy,RU,2021-09-29 02:57:55,68.0531,39.5131,49.17,71,100,12.28,overcast clouds
207,Udachnyy,RU,2021-09-29 02:56:51,66.4167,112.4,31.08,65,100,4.41,overcast clouds
208,Panama City,PA,2021-09-29 03:05:47,8.9936,-79.5197,77.94,89,20,2.3,few clouds
209,Provideniya,RU,2021-09-29 02:56:01,64.3833,-173.3,35.71,75,75,6.71,broken clouds
210,Khatanga,RU,2021-09-29 03:05:48,71.9667,102.5,30.6,62,100,10.87,overcast clouds
211,Sakakah,SA,2021-09-29 03:05:48,29.9697,40.2064,74.46,31,0,4.68,clear sky
212,Salinopolis,BR,2021-09-29 03:05:48,-0.6136,-47.3561,78.19,84,10,8.88,clear sky
213,Karaton,ID,2021-09-29 03:05:49,-6.3424,106.1045,89.96,60,81,3.74,broken clouds
214,Abha,SA,2021-09-29 03:05:49,18.2164,42.5053,64.65,37,0,0.0,clear sky
215,Pisco,PE,2021-09-29 03:05:49,-13.7,-76.2167,61.02,88,5,1.14,clear sky
216,Rawson,AR,2021-09-29 03:05:50,-43.3002,-65.1023,53.6,49,35,0.92,scattered clouds
217,Teya,RU,2021-09-29 02:56:39,60.3778,92.6267,38.66,64,100,4.63,overcast clouds
218,Ahipara,NZ,2021-09-29 02:55:54,-35.1667,173.1667,58.12,58,4,10.18,clear sky
219,Show Low,US,2021-09-29 03:05:51,34.2542,-110.0298,58.08,83,20,12.66,few clouds
220,Novo Aripuana,BR,2021-09-29 03:05:51,-5.1206,-60.3797,74.3,88,100,1.63,overcast clouds
221,Itapirapua,BR,2021-09-29 03:05:51,-15.8233,-50.6133,83.21,36,38,4.76,scattered clouds
222,Banjar,ID,2021-09-29 03:05:06,-8.19,114.9675,84.06,63,88,0.94,overcast clouds
223,Walvis Bay,NA,2021-09-29 03:05:52,-22.9575,14.5053,55.09,92,0,9.73,clear sky
224,Kerema,PG,2021-09-29 03:05:52,-7.9631,145.7785,83.32,77,100,9.4,overcast clouds
225,Kieta,PG,2021-09-29 03:05:53,-6.2167,155.6333,84.25,75,96,6.6,light rain
226,Makrana,IN,2021-09-29 03:05:53,27.05,74.7167,81.32,73,6,13.87,clear sky
227,Aptos,US,2021-09-29 03:05:53,36.9772,-121.8994,64.35,69,1,1.01,clear sky
228,Inhambane,MZ,2021-09-29 03:05:53,-23.865,35.3833,71.58,100,20,3.44,few clouds
229,Baddomalhi,PK,2021-09-29 03:05:54,31.9928,74.6683,85.86,66,0,4.14,clear sky
230,Burnie,AU,2021-09-29 03:05:54,-41.0667,145.9167,57.87,60,100,7.14,overcast clouds
231,Kiama,AU,2021-09-29 03:05:55,-34.6833,150.8667,67.37,82,100,8.01,moderate rain
232,Kenai,US,2021-09-29 03:05:55,60.5544,-151.2583,46.49,50,1,4.61,clear sky
233,Pemagatsel,BT,2021-09-29 03:05:55,27.0319,91.4266,71.19,67,97,2.1,overcast clouds
234,Moerai,PF,2021-09-29 03:05:56,-22.4333,-151.3333,75.29,80,2,7.63,clear sky
235,Gairo,IT,2021-09-29 03:05:56,39.8497,9.5047,61.18,56,55,5.44,broken clouds
236,Kushiro,JP,2021-09-29 03:05:56,42.975,144.3747,62.15,69,99,8.63,overcast clouds
237,Tabou,CI,2021-09-29 02:57:35,4.423,-7.3528,76.06,90,83,4.18,light rain
238,Manado,ID,2021-09-29 03:01:03,1.487,124.8455,92.17,55,20,4.61,few clouds
239,Beyneu,KZ,2021-09-29 03:05:57,45.3167,55.2,46.94,59,27,10.13,scattered clouds
240,Esmeraldas,BR,2021-09-29 03:05:57,-19.7625,-44.3139,74.26,66,11,6.46,few clouds
241,Caravelas,BR,2021-09-29 03:03:46,-17.7125,-39.2481,70.18,88,0,5.48,clear sky
242,Katsuura,JP,2021-09-29 03:05:58,35.1333,140.3,77.02,73,63,13.02,broken clouds
243,Corinto,GR,2021-09-29 03:05:58,37.9407,22.9573,72.9,69,12,4.99,few clouds
244,Laguna,US,2021-09-29 02:56:13,38.421,-121.4238,72.39,24,1,1.99,clear sky
245,Mwene-Ditu,CD,2021-09-29 03:05:59,-7.0,23.45,66.34,82,96,0.85,overcast clouds
246,Podgornoye,RU,2021-09-29 03:05:59,51.735,39.1496,35.82,93,0,4.47,clear sky
247,Roebourne,AU,2021-09-29 03:05:59,-20.7833,117.1333,85.73,20,0,8.1,clear sky
248,Chardara,KZ,2021-09-29 03:06:00,41.2547,67.9692,64.63,38,100,10.02,overcast clouds
249,Songkhla,TH,2021-09-29 03:06:00,6.8333,100.6667,84.25,75,100,1.99,overcast clouds
250,Manta,EC,2021-09-29 03:06:01,-0.95,-80.7333,71.2,83,96,8.7,overcast clouds
251,West Plains,US,2021-09-29 03:06:01,36.7281,-91.8524,74.23,76,1,4.0,clear sky
252,Norman Wells,CA,2021-09-29 02:56:29,65.282,-126.8329,30.24,86,75,9.22,broken clouds
253,Raga,SS,2021-09-29 02:57:43,8.4596,25.678,68.95,97,100,4.61,overcast clouds
254,Okha,RU,2021-09-29 03:06:02,53.5739,142.9478,61.65,71,100,13.82,overcast clouds
255,Waipawa,NZ,2021-09-29 03:06:02,-41.4122,175.5153,59.45,53,6,8.12,clear sky
256,Clyde River,CA,2021-09-29 03:06:02,70.4692,-68.5914,32.23,67,100,7.85,overcast clouds
257,Meulaboh,ID,2021-09-29 03:05:21,4.1363,96.1285,81.21,75,100,3.53,overcast clouds
258,Narsaq,GL,2021-09-29 02:56:14,60.9167,-46.05,29.61,42,0,7.34,clear sky
259,Dodoma,TZ,2021-09-29 03:06:03,-6.1722,35.7395,64.04,74,84,8.77,broken clouds
260,Altay,CN,2021-09-29 03:06:04,47.8667,88.1167,54.75,42,59,2.89,broken clouds
261,Bagdarin,RU,2021-09-29 03:06:05,54.4333,113.6,39.15,44,75,7.0,broken clouds
262,Balkhash,KZ,2021-09-29 03:06:05,46.844,74.9804,50.61,76,0,8.95,clear sky
263,Palmer,US,2021-09-29 02:56:18,42.1584,-72.3287,58.6,82,34,5.35,scattered clouds
264,Broken Hill,AU,2021-09-29 03:06:06,-31.95,141.4333,75.58,40,3,13.04,clear sky
265,Bure,ET,2021-09-29 03:06:06,10.7,37.0667,53.65,90,47,4.34,scattered clouds
266,San Rafael,AR,2021-09-29 03:06:06,-34.6177,-68.3301,57.52,57,0,3.91,clear sky
267,Anadyr,RU,2021-09-29 02:57:28,64.75,177.4833,30.7,58,20,15.66,few clouds
268,Rognan,NO,2021-09-29 03:06:07,67.0953,15.3878,54.05,90,96,7.94,overcast clouds
269,Suez,EG,2021-09-29 03:06:07,29.9737,32.5263,68.65,79,0,6.6,clear sky
270,Sao Joao Del Rei,BR,2021-09-29 03:06:07,-21.1356,-44.2617,65.16,75,3,4.09,clear sky
271,Talnakh,RU,2021-09-29 03:06:08,69.4865,88.3972,34.88,64,41,2.26,scattered clouds
272,Melbu,NO,2021-09-29 03:06:08,68.5044,14.8297,53.62,79,100,4.25,overcast clouds
273,Cayenne,GF,2021-09-29 03:06:09,4.9333,-52.3333,83.08,79,20,4.0,few clouds
274,Tazovskiy,RU,2021-09-29 03:06:09,67.4667,78.7,33.31,79,10,6.26,clear sky
275,Vila,PT,2021-09-29 03:06:09,42.0304,-8.1588,48.33,92,100,3.67,overcast clouds
276,Biak,ID,2021-09-29 03:06:10,-0.9131,122.8766,83.35,70,40,6.42,scattered clouds
277,Outjo,NA,2021-09-29 03:06:10,-20.1167,16.15,55.8,49,0,6.96,clear sky
278,Beloha,MG,2021-09-29 02:56:57,-25.1667,45.05,69.26,61,71,4.32,broken clouds
279,Samarai,PG,2021-09-29 03:06:10,-10.6167,150.6667,79.29,87,94,16.53,overcast clouds
280,Ismailia,EG,2021-09-29 02:57:57,30.6043,32.2723,66.78,84,0,5.99,clear sky
281,Tungor,RU,2021-09-29 03:06:11,53.3808,142.9564,63.72,65,100,13.69,overcast clouds
282,Sur,OM,2021-09-29 03:06:11,22.5667,59.5289,86.14,58,100,1.72,overcast clouds
283,Coihaique,CL,2021-09-29 03:05:35,-45.5752,-72.0662,39.15,87,0,4.61,clear sky
284,Manggar,ID,2021-09-29 03:06:12,-2.8833,108.2667,85.84,65,80,13.82,broken clouds
285,Richards Bay,ZA,2021-09-29 03:06:12,-28.783,32.0377,67.78,81,82,3.89,broken clouds
286,Shiloh,US,2021-09-29 03:06:12,38.5614,-89.8973,76.62,83,0,7.09,clear sky
287,Lubango,AO,2021-09-29 03:06:13,-14.9172,13.4925,61.61,57,79,0.43,broken clouds
288,Matagami,CA,2021-09-29 03:02:37,49.7502,-77.6328,42.91,100,90,5.75,overcast clouds
289,Kroya,ID,2021-09-29 03:06:13,-7.6331,109.2461,91.2,72,93,10.27,overcast clouds
290,Launceston,AU,2021-09-29 03:06:13,-41.45,147.1667,65.8,60,75,7.0,broken clouds
291,Chicama,PE,2021-09-29 03:06:14,-7.8447,-79.1469,59.54,80,10,4.5,clear sky
292,Krasnoselkup,RU,2021-09-29 03:06:14,65.7,82.4667,35.01,66,49,3.65,scattered clouds
293,Haines Junction,CA,2021-09-29 03:05:00,60.7522,-137.5108,29.59,90,85,0.81,overcast clouds
294,Nuuk,GL,2021-09-29 03:06:14,64.1835,-51.7216,30.81,74,0,6.91,clear sky
295,Aksu,CN,2021-09-29 03:06:15,41.1231,80.2644,72.79,16,100,3.44,overcast clouds
296,Houma,US,2021-09-29 03:02:03,29.5958,-90.7195,74.01,92,100,12.91,overcast clouds
297,General Pico,AR,2021-09-29 03:06:15,-35.6566,-63.7568,48.81,70,0,9.44,clear sky
298,Yaan,NG,2021-09-29 03:06:15,7.3833,8.5667,72.72,92,100,5.57,overcast clouds
299,Cockburn Town,TC,2021-09-29 03:06:16,21.4612,-71.1419,83.48,71,1,9.91,clear sky
300,Vernon,CA,2021-09-29 03:06:16,50.2581,-119.2691,54.61,59,73,3.24,broken clouds
301,Norrtalje,SE,2021-09-29 03:06:16,59.758,18.705,55.02,86,100,8.77,overcast clouds
302,Keskin,TR,2021-09-29 03:06:17,39.6731,33.6136,51.08,78,7,5.48,clear sky
303,Ocos,GT,2021-09-29 03:06:17,14.5094,-92.1933,82.31,82,64,7.27,broken clouds
304,Torbay,CA,2021-09-29 03:03:18,47.6666,-52.7314,62.67,92,96,5.01,overcast clouds
305,Beaumont,US,2021-09-29 03:02:58,30.0861,-94.1019,73.44,97,40,0.0,scattered clouds
306,Praia Da Vitoria,PT,2021-09-29 03:06:18,38.7333,-27.0667,71.76,96,59,8.7,broken clouds
307,Koscierzyna,PL,2021-09-29 03:06:18,54.1223,17.9812,53.29,71,100,10.89,overcast clouds
308,Grand-Lahou,CI,2021-09-29 03:06:18,5.1367,-5.0242,74.52,93,93,4.45,light rain
309,Xinan,CN,2021-09-29 03:06:18,26.72,119.8556,82.78,67,0,3.94,clear sky
310,Lavrentiya,RU,2021-09-29 03:05:25,65.5833,-171.0,32.61,90,100,8.14,light snow
311,Ust-Karsk,RU,2021-09-29 03:06:19,52.7011,118.8077,45.52,48,58,9.51,broken clouds
312,Raudeberg,NO,2021-09-29 02:56:41,61.9875,5.1352,54.27,65,36,3.0,scattered clouds
313,Padang,ID,2021-09-29 02:57:25,-0.9492,100.3543,78.85,86,100,5.35,overcast clouds
314,Tateyama,JP,2021-09-29 03:06:20,34.9833,139.8667,83.14,73,50,9.71,scattered clouds
315,Qinhuangdao,CN,2021-09-29 03:06:20,39.9317,119.5883,74.52,60,5,7.87,light rain
316,Marsa Matruh,EG,2021-09-29 03:06:20,31.3525,27.2453,74.07,81,0,12.17,clear sky
317,Vostok,RU,2021-09-29 03:05:51,46.4856,135.8833,68.59,52,100,6.4,overcast clouds
318,Vanavara,RU,2021-09-29 03:06:21,60.34,102.2797,39.74,60,51,5.44,broken clouds
319,Kattivakkam,IN,2021-09-29 03:06:21,13.2167,80.3167,84.29,62,100,8.03,overcast clouds
320,Mbanza-Ngungu,CD,2021-09-29 03:06:22,-5.25,14.8667,69.66,81,79,4.61,broken clouds
321,Yulara,AU,2021-09-29 02:56:53,-25.2406,130.9889,73.24,31,0,4.61,clear sky
322,Karasuk,RU,2021-09-29 03:06:22,53.7377,78.0403,34.47,99,100,9.62,moderate rain
323,Grants Pass,US,2021-09-29 03:06:22,42.439,-123.3284,57.61,80,1,0.0,mist
324,Trincomalee,LK,2021-09-29 03:06:23,8.5711,81.2335,82.02,77,100,15.82,overcast clouds
325,Tavricheskoye,RU,2021-09-29 03:06:23,54.5851,73.6395,40.91,70,100,12.71,overcast clouds
326,Nueva Loja,EC,2021-09-29 03:06:23,0.0847,-76.8828,70.2,96,90,2.06,overcast clouds
327,Moron,AR,2021-09-29 02:57:50,-34.6534,-58.6198,60.96,90,93,3.0,overcast clouds
328,Brae,GB,2021-09-29 03:06:24,60.3964,-1.353,49.91,93,100,6.85,overcast clouds
329,Leshukonskoye,RU,2021-09-29 03:06:24,64.8989,45.7622,40.12,95,93,2.95,overcast clouds
330,Aliaga,PH,2021-09-29 03:06:25,15.5167,120.8667,86.45,71,96,3.22,overcast clouds
331,Lamar,US,2021-09-29 03:06:25,33.6668,-95.5836,80.26,67,20,6.91,few clouds
332,Semey,KZ,2021-09-29 03:06:25,50.4111,80.2275,52.02,87,75,8.95,broken clouds
333,Kangaatsiaq,GL,2021-09-29 03:06:26,68.3065,-53.4641,27.61,60,31,9.89,scattered clouds
334,Saint-Louis,SN,2021-09-29 02:57:42,16.3333,-15.0,84.13,59,0,10.42,clear sky
335,Manhuacu,BR,2021-09-29 03:06:26,-20.2581,-42.0336,63.68,90,2,3.09,clear sky
336,Cheltenham,GB,2021-09-29 03:04:30,51.9,-2.0833,48.45,92,9,3.0,clear sky
337,Bembereke,BJ,2021-09-29 03:06:27,10.2283,2.6634,70.61,87,84,4.99,broken clouds
338,Klaksvik,FO,2021-09-29 03:06:27,62.2266,-6.589,45.52,84,47,7.7,scattered clouds
339,Abu Dhabi,AE,2021-09-29 03:06:27,24.4667,54.3667,87.91,79,0,5.75,clear sky
340,Najran,SA,2021-09-29 03:06:28,17.4924,44.1277,73.15,37,16,5.61,few clouds
341,Sulangan,PH,2021-09-29 02:57:18,11.1373,123.7228,83.89,73,73,5.19,broken clouds
342,Winnemucca,US,2021-09-29 03:06:28,40.973,-117.7357,48.11,42,1,4.61,clear sky
343,Russell,US,2021-09-29 02:57:00,32.3502,-85.1999,69.08,93,1,0.0,mist
344,Aiken,US,2021-09-29 03:06:29,33.5835,-81.5998,72.1,90,1,0.0,clear sky
345,Port Lincoln,AU,2021-09-29 03:06:29,-34.7333,135.8667,61.84,70,55,4.52,broken clouds
346,Quebec,CA,2021-09-29 03:03:38,46.8123,-71.2145,50.02,81,60,1.99,broken clouds
347,Bengkulu,ID,2021-09-29 03:06:30,-3.8004,102.2655,82.8,73,91,2.71,overcast clouds
348,Tulagi,SB,2021-09-29 03:06:30,-9.0996,160.1476,82.24,76,99,9.89,moderate rain
349,Te Anau,NZ,2021-09-29 03:04:43,-45.4167,167.7167,50.59,76,83,8.95,broken clouds
350,Edson,CA,2021-09-29 03:03:44,53.5835,-116.4356,45.73,54,41,4.29,scattered clouds
351,Shiyan,CN,2021-09-29 03:06:30,32.6475,110.7781,82.42,65,0,5.28,clear sky
352,Xinzhi,CN,2021-09-29 03:06:31,36.4989,111.7047,73.29,66,6,5.12,clear sky
353,Ambilobe,MG,2021-09-29 02:57:18,-13.2,49.05,70.43,72,11,4.92,few clouds
354,Banyo,CM,2021-09-29 03:06:31,6.75,11.8167,64.62,98,100,1.7,light rain
355,Sola,VU,2021-09-29 03:06:32,-13.8833,167.55,79.39,79,99,12.33,light rain
356,Labytnangi,RU,2021-09-29 03:06:32,66.6572,66.4183,34.23,87,85,3.94,overcast clouds
357,Arbuzynka,UA,2021-09-29 03:06:32,47.9097,31.3196,49.23,74,92,9.84,overcast clouds
358,Jutiquile,HN,2021-09-29 03:06:33,14.7167,-86.0833,80.89,92,78,3.02,broken clouds
359,Rodrigues Alves,BR,2021-09-29 03:06:33,-7.738,-72.6509,74.1,82,38,0.76,scattered clouds
360,Mugla,TR,2021-09-29 03:06:33,37.2303,28.3557,57.87,49,30,5.03,scattered clouds
361,Qasigiannguit,GL,2021-09-29 03:06:34,68.8193,-51.1922,26.85,75,71,4.85,broken clouds
362,Melykut,HU,2021-09-29 03:06:34,46.2151,19.381,59.58,88,62,5.44,broken clouds
363,Nouadhibou,MR,2021-09-29 02:57:36,20.931,-17.0347,80.58,61,35,23.02,scattered clouds
364,Salvatierra,MX,2021-09-29 03:06:35,20.2167,-100.8833,61.59,93,100,3.15,overcast clouds
365,Mount Isa,AU,2021-09-29 03:06:35,-20.7333,139.5,91.17,31,89,23.02,overcast clouds
366,Pangody,RU,2021-09-29 03:06:35,65.85,74.4859,32.97,78,5,4.59,clear sky
367,Coquimbo,CL,2021-09-29 03:06:36,-29.9533,-71.3436,53.33,93,100,3.44,overcast clouds
368,Maltahohe,NA,2021-09-29 03:06:36,-24.8333,16.9833,58.08,35,100,1.59,overcast clouds
369,Hualmay,PE,2021-09-29 02:56:58,-11.0964,-77.6139,62.22,84,28,7.78,scattered clouds
370,Kyzyl-Suu,KG,2021-09-29 03:06:36,42.3414,78.0056,59.47,32,99,3.6,overcast clouds
371,Vila Velha,BR,2021-09-29 03:04:13,-20.3297,-40.2925,73.35,83,40,8.05,scattered clouds
372,Bonavista,CA,2021-09-29 02:57:22,48.6499,-53.1147,64.11,95,97,12.41,light rain
373,Luwuk,ID,2021-09-29 03:06:37,-0.9516,122.7875,86.43,68,47,5.88,scattered clouds
374,Vikhorevka,RU,2021-09-29 03:06:37,56.1201,101.1636,35.19,85,100,4.23,overcast clouds
375,Khandyga,RU,2021-09-29 03:06:38,62.6667,135.6,45.5,37,2,7.0,clear sky
376,Sao Felix Do Xingu,BR,2021-09-29 03:06:38,-6.6447,-51.995,71.69,98,99,2.62,overcast clouds
377,Tabligbo,TG,2021-09-29 03:06:38,6.5833,1.5,74.19,96,75,3.85,broken clouds
378,Matara,LK,2021-09-29 03:06:39,5.9485,80.5353,81.95,76,100,13.04,overcast clouds
379,Tomatlan,MX,2021-09-29 03:06:39,19.9333,-105.25,75.51,91,91,2.13,overcast clouds
380,Kango,GA,2021-09-29 03:06:39,0.1943,10.0951,73.24,98,100,1.88,light rain
381,Hay River,CA,2021-09-29 03:06:40,60.8156,-115.7999,49.32,85,0,5.55,clear sky
382,Chandbali,IN,2021-09-29 03:06:40,20.7833,86.7667,81.61,83,100,9.69,overcast clouds
383,Tura,IN,2021-09-29 02:56:46,25.5198,90.2201,77.38,83,100,3.38,overcast clouds
384,Flin Flon,CA,2021-09-29 02:57:46,54.7682,-101.865,62.92,56,67,13.0,broken clouds
385,Timmins,CA,2021-09-29 03:06:02,48.4669,-81.3331,42.87,96,19,4.72,light rain
386,Franklin,US,2021-09-29 03:06:41,39.9667,-83.0166,63.55,79,1,1.01,clear sky
387,De Aar,ZA,2021-09-29 03:06:41,-30.6497,24.0123,59.09,44,100,10.04,overcast clouds
388,Limbang,MY,2021-09-29 03:06:41,4.75,115.0,87.91,55,94,0.69,overcast clouds
389,Neverkino,RU,2021-09-29 03:06:42,52.7854,46.7417,34.57,84,89,7.05,overcast clouds
390,Sisimiut,GL,2021-09-29 03:06:42,66.9395,-53.6735,29.41,46,1,7.4,clear sky
391,Kruisfontein,ZA,2021-09-29 03:05:36,-34.0033,24.7314,47.88,81,100,5.5,overcast clouds
392,San Patricio,US,2021-09-29 03:06:42,28.017,-97.5169,84.29,76,10,18.05,clear sky
393,Vestmanna,FO,2021-09-29 03:06:43,62.1564,-7.1664,43.72,100,75,5.75,broken clouds
394,Ouesso,CG,2021-09-29 03:06:43,1.6136,16.0517,69.12,99,100,0.78,light rain
395,Mayumba,GA,2021-09-29 03:06:43,-3.432,10.6554,75.07,88,100,8.39,overcast clouds
396,Kaseda,JP,2021-09-29 03:06:44,31.4167,130.3167,82.9,62,0,14.41,clear sky
397,Mitsamiouli,KM,2021-09-29 03:06:44,-11.3847,43.2844,77.74,80,56,10.65,broken clouds
398,Mecca,SA,2021-09-29 03:06:44,21.4267,39.8261,80.67,54,63,7.14,broken clouds
399,Benguela,AO,2021-09-29 02:57:13,-12.5763,13.4055,69.44,84,31,4.47,scattered clouds
400,Mehamn,NO,2021-09-29 03:05:36,71.0357,27.8492,51.75,66,0,5.75,clear sky
401,Port Blair,IN,2021-09-29 03:05:44,11.6667,92.75,83.19,73,94,1.43,overcast clouds
402,Shingu,JP,2021-09-29 03:06:45,33.7333,135.9833,76.73,78,49,10.85,scattered clouds
403,Phalaborwa,ZA,2021-09-29 03:06:45,-23.943,31.1411,65.91,79,5,9.78,clear sky
404,Lorengau,PG,2021-09-29 03:06:46,-2.0226,147.2712,85.08,72,48,9.51,scattered clouds
405,Los Llanos De Aridane,ES,2021-09-29 03:06:08,28.6585,-17.9182,69.55,77,75,16.11,broken clouds
406,Lakes Entrance,AU,2021-09-29 03:06:46,-37.8811,147.981,60.57,93,100,2.55,light rain
407,Mantua,IT,2021-09-29 03:06:46,45.1667,10.7833,69.04,85,100,3.0,overcast clouds
408,Gimli,CA,2021-09-29 03:06:47,50.6336,-96.9907,70.43,63,6,15.03,clear sky
409,Kodinsk,RU,2021-09-29 03:06:47,58.6881,99.1844,38.64,80,100,2.57,overcast clouds
410,Rockhampton,AU,2021-09-29 03:06:48,-23.3833,150.5,76.89,50,90,10.36,overcast clouds
411,Jinsha,CN,2021-09-29 03:06:48,32.0898,121.0735,83.98,76,96,9.22,overcast clouds
412,Mananjary,MG,2021-09-29 03:06:48,-21.2167,48.3333,67.8,88,39,7.47,scattered clouds
413,Sungurlu,TR,2021-09-29 03:06:49,40.1675,34.3739,51.06,88,10,4.65,clear sky
414,Flinders,AU,2021-09-29 03:05:00,-34.5833,150.8552,68.2,81,100,1.01,moderate rain
415,Agadez,NE,2021-09-29 02:57:46,19.75,10.25,83.62,16,100,9.84,overcast clouds
416,Chapleau,CA,2021-09-29 03:06:49,47.8405,-83.4034,44.78,94,31,3.78,scattered clouds
417,Opuwo,NA,2021-09-29 03:06:50,-18.0607,13.84,61.54,36,6,4.18,clear sky
418,Tautira,PF,2021-09-29 03:06:50,-17.7333,-149.15,82.0,81,81,14.83,light rain
419,Awbari,LY,2021-09-29 03:06:50,26.5921,12.7805,73.09,21,0,3.89,clear sky
420,Bemidji,US,2021-09-29 03:03:55,47.4736,-94.8803,70.56,74,1,8.05,clear sky
421,Goderich,CA,2021-09-29 03:03:44,43.7501,-81.7165,54.91,68,69,5.5,broken clouds
422,Usoke,TZ,2021-09-29 03:06:51,-5.1667,32.35,75.81,37,100,7.61,overcast clouds
423,Hisai,JP,2021-09-29 03:06:51,34.6667,136.4667,81.79,75,64,10.2,broken clouds
424,Fairbanks,US,2021-09-29 03:06:52,64.8378,-147.7164,33.8,66,1,0.0,clear sky
425,Namibe,AO,2021-09-29 03:06:52,-15.1961,12.1522,62.67,87,43,2.59,scattered clouds
426,Ancud,CL,2021-09-29 03:04:55,-41.8697,-73.8203,42.33,80,100,3.04,overcast clouds
427,Umm Kaddadah,SD,2021-09-29 03:06:52,13.6017,26.6876,84.18,22,76,16.89,broken clouds
428,Rock Sound,BS,2021-09-29 03:06:53,24.9,-76.2,81.72,69,15,12.62,few clouds
429,Tupik,RU,2021-09-29 03:06:53,54.4253,119.9327,40.44,65,100,9.24,overcast clouds
430,Katsuyama,JP,2021-09-29 03:06:54,36.0617,136.501,81.3,48,21,5.14,few clouds
431,Deputatskiy,RU,2021-09-29 03:05:48,69.3,139.9,23.23,66,54,0.22,broken clouds
432,Baturaja,ID,2021-09-29 03:06:54,-4.1333,104.1667,85.78,70,67,2.75,broken clouds
433,Pangnirtung,CA,2021-09-29 03:06:54,66.1451,-65.7125,35.04,53,100,2.53,overcast clouds
434,Strezhevoy,RU,2021-09-29 02:57:52,60.7333,77.5889,37.38,73,100,7.05,overcast clouds
435,Namatanai,PG,2021-09-29 03:06:06,-3.6667,152.4333,84.4,74,46,8.32,light rain
436,Sultanpur,IN,2021-09-29 03:06:55,26.2667,82.0667,82.94,77,48,8.84,scattered clouds
437,Pekan,MY,2021-09-29 03:06:55,3.4836,103.3996,86.04,67,92,2.33,overcast clouds
438,Khrebtovaya,RU,2021-09-29 03:06:56,56.7032,104.2494,32.79,85,96,4.94,overcast clouds
439,Tobermory,CA,2021-09-29 03:06:56,45.2501,-81.6665,58.33,72,40,14.14,scattered clouds
440,West Wendover,US,2021-09-29 03:06:56,40.7391,-114.0733,52.81,28,1,23.02,clear sky
441,Destin,US,2021-09-29 03:02:53,30.3935,-86.4958,78.96,87,1,1.99,clear sky
442,San Cristobal,VE,2021-09-29 03:06:57,7.7669,-72.225,65.44,96,91,1.92,overcast clouds
443,Berlevag,NO,2021-09-29 03:06:57,70.8578,29.0864,51.8,70,93,12.44,overcast clouds
444,Paamiut,GL,2021-09-29 02:57:03,61.994,-49.6678,31.55,44,31,9.28,scattered clouds
445,San Juan,AR,2021-09-29 03:06:58,-31.5375,-68.5364,70.74,29,0,4.5,clear sky
446,Vera Cruz,BR,2021-09-29 03:06:58,-12.6333,-41.0333,66.09,79,4,3.22,clear sky
447,Along,IN,2021-09-29 03:04:03,28.1667,94.7667,83.68,66,13,0.96,few clouds
448,Choya,RU,2021-09-29 03:06:58,52.0108,86.5467,45.37,82,100,5.1,overcast clouds
449,Plettenberg Bay,ZA,2021-09-29 03:06:59,-34.0527,23.3716,55.54,69,100,6.13,overcast clouds
450,Hlobyne,UA,2021-09-29 03:06:59,49.3878,33.2596,42.4,94,17,8.84,few clouds
451,Adre,TD,2021-09-29 02:57:52,13.4667,22.2,75.29,40,81,6.42,broken clouds
452,Isangel,VU,2021-09-29 03:06:59,-19.55,169.2667,76.77,68,87,14.54,overcast clouds
453,Jatibonico,CU,2021-09-29 03:07:00,21.9419,-79.17,73.44,93,5,6.06,clear sky
454,Dhidhdhoo,MV,2021-09-29 03:06:40,6.8833,73.1,82.4,76,23,12.66,few clouds
455,Karratha,AU,2021-09-29 03:04:16,-20.7377,116.8463,87.24,16,1,5.14,clear sky
456,Manali,IN,2021-09-29 03:07:00,13.1667,80.2667,84.29,59,100,7.67,overcast clouds
457,Geraldton,AU,2021-09-29 03:07:01,-28.7667,114.6,75.61,53,40,18.41,scattered clouds
458,Virden,US,2021-09-29 03:07:01,39.5009,-89.7679,71.71,77,0,6.58,clear sky
459,Keningau,MY,2021-09-29 03:07:02,5.3378,116.1602,84.65,68,97,0.96,overcast clouds
460,Trelew,AR,2021-09-29 03:04:33,-43.249,-65.3051,53.83,41,20,0.72,few clouds
461,Malanville,BJ,2021-09-29 03:07:03,11.8685,3.3899,77.67,74,94,5.82,overcast clouds
462,Toba,JP,2021-09-29 03:07:04,34.4833,136.85,80.6,73,39,15.57,scattered clouds
463,Taozhuang,CN,2021-09-29 03:07:04,34.85,117.3333,76.05,65,0,0.69,clear sky
464,Nacogdoches,US,2021-09-29 03:07:04,31.6002,-94.6335,75.06,86,90,6.91,overcast clouds
465,Kirkland Lake,CA,2021-09-29 03:07:05,48.1446,-80.0377,41.92,87,3,5.03,clear sky
466,Tahta,EG,2021-09-29 03:07:05,26.7693,31.5021,72.45,42,0,7.83,clear sky
467,Fort Madison,US,2021-09-29 03:07:05,40.6298,-91.3151,74.01,73,2,0.0,clear sky
468,Visnes,NO,2021-09-29 03:07:06,59.3556,5.2242,59.22,72,75,14.97,broken clouds
469,Tucuman,AR,2021-09-29 03:07:06,-26.8241,-65.2226,62.6,82,13,4.61,few clouds
470,Three Hills,CA,2021-09-29 03:07:07,51.7001,-113.2686,49.62,46,100,3.42,overcast clouds
471,Seymchan,RU,2021-09-29 03:07:07,62.8833,152.4333,31.96,39,100,10.89,overcast clouds
472,Encruzilhada Do Sul,BR,2021-09-29 03:07:08,-30.5439,-52.5219,58.12,99,100,3.15,overcast clouds
473,Totness,SR,2021-09-29 03:07:08,5.8833,-56.3167,80.37,81,29,11.63,scattered clouds
474,Pacific Grove,US,2021-09-29 02:57:10,36.6177,-121.9166,64.58,81,42,1.99,scattered clouds
475,Kolyshley,RU,2021-09-29 03:07:08,52.7005,44.5367,36.12,82,96,7.25,overcast clouds
476,Egvekinot,RU,2021-09-29 03:07:09,66.3167,-179.1667,23.52,91,89,3.22,light snow
477,Dali,CN,2021-09-29 03:07:09,25.7,100.1833,65.91,85,97,2.04,overcast clouds
478,Kure,JP,2021-09-29 03:07:09,34.2333,132.5667,79.52,76,16,1.92,few clouds
479,Skibotn,NO,2021-09-29 03:07:10,69.3913,20.2679,42.48,81,21,4.56,few clouds
480,Cabo San Lucas,MX,2021-09-29 03:04:04,22.8909,-109.9124,83.52,74,12,1.01,few clouds
481,Marystown,CA,2021-09-29 03:06:27,47.1666,-55.1483,62.85,100,100,5.01,overcast clouds
482,Collie,AU,2021-09-29 03:07:10,-33.3667,116.15,69.85,45,59,10.36,broken clouds
483,Avare,BR,2021-09-29 03:07:11,-23.0986,-48.9258,71.56,47,92,3.8,overcast clouds
484,Inta,RU,2021-09-29 03:07:11,66.0317,60.1659,37.69,95,100,2.84,overcast clouds
485,Tual,ID,2021-09-29 03:07:11,-5.6667,132.75,81.43,81,53,13.15,broken clouds
486,Mandalgovi,MN,2021-09-29 03:05:10,45.7625,106.2708,40.15,51,48,2.46,scattered clouds
487,Swan Hill,AU,2021-09-29 03:07:12,-35.3378,143.5544,60.8,85,100,4.18,light rain
488,Buritis,BR,2021-09-29 03:07:12,-15.6178,-46.4233,78.67,39,38,2.37,scattered clouds
489,Muhos,FI,2021-09-29 03:07:13,64.808,25.9931,37.18,97,18,4.45,few clouds
490,Hearst,CA,2021-09-29 03:07:13,49.6835,-83.6665,43.56,93,0,4.05,clear sky
491,Honningsvag,NO,2021-09-29 03:07:13,70.9821,25.9704,51.33,84,66,9.51,broken clouds
492,Mahon,ES,2021-09-29 03:06:05,39.8885,4.2658,66.76,94,20,5.75,few clouds
493,Baghdad,IQ,2021-09-29 03:05:16,33.3406,44.4009,66.11,45,0,5.75,clear sky
494,Leningradskiy,RU,2021-09-29 03:05:24,69.3833,178.4167,25.14,96,100,13.15,snow
495,Banfora,BF,2021-09-29 03:07:14,10.6333,-4.7667,73.35,80,51,3.0,broken clouds
496,Lodja,CD,2021-09-29 03:04:31,-3.4833,23.4333,69.15,99,100,1.81,light rain
497,Sinnamary,GF,2021-09-29 03:07:15,5.3833,-52.95,79.3,82,3,9.66,clear sky
498,Madimba,TZ,2021-09-29 03:07:15,-10.4,40.3333,72.73,88,27,3.04,light rain
499,Bacolod,PH,2021-09-29 03:07:15,10.6667,122.95,85.87,73,98,9.42,overcast clouds
500,Necochea,AR,2021-09-29 02:57:54,-38.5473,-58.7368,45.03,74,0,11.01,clear sky
501,Brenham,US,2021-09-29 03:06:24,30.1669,-96.3977,78.85,84,90,8.05,overcast clouds
502,Khandagayty,RU,2021-09-29 03:07:16,50.7333,92.05,36.07,48,41,4.03,scattered clouds
503,Alenquer,BR,2021-09-29 03:07:16,-1.9417,-54.7383,77.34,59,71,4.63,broken clouds
504,Viedma,AR,2021-09-29 03:07:17,-40.8135,-62.9967,48.06,69,3,11.32,clear sky
505,Araguaina,BR,2021-09-29 03:07:17,-7.1911,-48.2072,75.97,78,100,4.43,light rain
506,Ada,US,2021-09-29 03:07:17,43.4166,-116.1262,52.88,61,1,3.0,clear sky
507,Jonkoping,SE,2021-09-29 03:07:18,57.7814,14.1562,57.38,100,90,2.3,light intensity drizzle
508,Sioux Lookout,CA,2021-09-29 03:07:18,50.1001,-91.917,57.49,84,6,5.91,clear sky
509,Scarborough,GB,2021-09-29 03:03:48,54.2797,-0.4044,50.07,91,100,1.01,overcast clouds
510,Fortuna Foothills,US,2021-09-29 03:07:19,32.6578,-114.4119,82.49,58,1,5.01,clear sky
511,Petropavlovsk-Kamchatskiy,RU,2021-09-29 03:07:19,53.0452,158.6483,63.19,55,75,11.18,broken clouds
512,Wagar,SD,2021-09-29 03:07:19,16.1525,36.2032,85.15,34,80,5.93,broken clouds
513,Kavaratti,IN,2021-09-29 03:07:19,10.5669,72.642,81.14,80,29,15.46,scattered clouds
514,Port Hedland,AU,2021-09-29 02:57:21,-20.3167,118.5667,89.65,25,4,6.91,clear sky
515,Fonte Boa,BR,2021-09-29 03:07:20,-2.4959,-66.2662,70.93,99,54,1.59,broken clouds
516,Rio Gallegos,AR,2021-09-29 03:07:20,-51.6226,-69.2181,48.25,34,40,20.71,scattered clouds
517,Puksoozero,RU,2021-09-29 03:07:21,62.5903,40.6066,39.83,98,84,3.91,broken clouds
518,Navirai,BR,2021-09-29 03:07:21,-23.065,-54.1906,79.16,43,34,7.2,scattered clouds
519,Safaga,EG,2021-09-29 03:07:21,26.7292,33.9365,79.7,48,0,17.74,clear sky
520,Kirakira,SB,2021-09-29 03:07:21,-10.4544,161.9205,83.14,75,68,8.16,broken clouds
521,Mathathane,BW,2021-09-29 03:07:22,-22.2687,28.7495,70.81,36,1,10.09,clear sky
522,Pavino,RU,2021-09-29 03:07:22,59.1139,46.1414,36.57,94,91,4.27,overcast clouds
523,Shelburne,CA,2021-09-29 03:07:22,44.0787,-80.2041,51.53,80,33,6.08,scattered clouds
524,Dumas,US,2021-09-29 03:07:23,35.8656,-101.9732,76.42,45,1,4.61,clear sky
525,Tonantins,BR,2021-09-29 03:07:23,-2.8731,-67.8022,70.05,96,99,1.14,overcast clouds
526,Kommunar,RU,2021-09-29 03:07:23,59.6206,30.39,48.51,72,100,3.27,overcast clouds
527,Pemba,MZ,2021-09-29 03:07:24,-12.974,40.5178,74.12,84,12,6.38,few clouds
528,Bara,NG,2021-09-29 03:04:47,10.3744,10.7288,75.04,86,100,3.67,overcast clouds
529,Vardo,NO,2021-09-29 03:05:53,70.3705,31.1107,43.0,73,100,11.7,overcast clouds
530,Port Hardy,CA,2021-09-29 03:07:24,50.6996,-127.4199,50.86,79,100,10.65,light rain
531,Grindavik,IS,2021-09-29 03:07:25,63.8424,-22.4338,37.87,87,90,40.29,overcast clouds
532,Mopti,ML,2021-09-29 03:07:25,14.6667,-4.0,83.17,38,0,8.41,clear sky
533,Mankono,CI,2021-09-29 03:07:26,8.0586,-6.1897,70.38,92,88,2.24,overcast clouds
534,Zhangye,CN,2021-09-29 03:07:26,38.9342,100.4517,74.77,14,0,5.84,clear sky
535,Rosa Zarate,EC,2021-09-29 03:07:26,0.3333,-79.4667,71.69,93,99,2.53,light rain
536,Manono,CD,2021-09-29 03:07:26,-7.3,27.4167,72.09,82,94,1.23,overcast clouds
537,Sampit,ID,2021-09-29 03:07:27,-2.5333,112.95,88.18,63,78,4.7,broken clouds
538,Cap Malheureux,MU,2021-09-29 03:07:27,-19.9842,57.6142,74.46,63,30,10.0,scattered clouds
539,Fort Frances,CA,2021-09-29 03:05:45,48.5999,-93.4003,63.16,72,1,4.61,clear sky
540,Watsa,CD,2021-09-29 03:07:28,3.0372,29.5355,61.27,98,100,2.64,overcast clouds
541,Partestii De Jos,RO,2021-09-29 03:07:28,47.6333,25.9667,46.24,77,78,2.1,broken clouds
542,Saint-Augustin,CA,2021-09-29 02:56:11,51.226,-58.6502,46.58,83,5,8.97,clear sky
543,Sabha,LY,2021-09-29 03:07:28,27.0377,14.4283,74.43,23,0,7.63,clear sky
544,Bougouni,ML,2021-09-29 03:07:29,11.417,-7.479,72.21,77,5,3.02,clear sky
545,Hurghada,EG,2021-09-29 03:07:29,27.2574,33.8129,77.07,54,0,22.15,clear sky
546,Mpika,ZM,2021-09-29 03:07:29,-11.8343,31.4529,66.61,51,82,5.35,broken clouds
547,Acapulco,MX,2021-09-29 03:04:48,16.8634,-99.8901,79.7,84,93,6.38,overcast clouds
548,Warrensburg,US,2021-09-29 03:07:30,38.7628,-93.7361,75.09,72,1,3.0,clear sky
549,Bantva,IN,2021-09-29 03:07:30,21.4864,70.0689,76.82,94,100,9.04,light rain
550,Imbituba,BR,2021-09-29 03:07:31,-28.24,-48.6703,69.82,94,100,9.84,moderate rain
551,Hokitika,NZ,2021-09-29 03:07:31,-42.7167,170.9667,52.27,88,100,18.63,overcast clouds
552,Prado,BR,2021-09-29 03:07:31,-17.3411,-39.2208,71.35,86,0,6.91,clear sky
553,Macon,US,2021-09-29 03:07:31,39.8667,-88.9668,71.8,82,1,0.0,clear sky
554,Dongli,CN,2021-09-29 03:07:32,23.5656,116.8194,88.52,57,0,2.42,clear sky
555,Bogovarovo,RU,2021-09-29 03:07:32,58.9785,47.0246,37.98,91,100,4.0,overcast clouds
556,Cartagena,CO,2021-09-29 03:05:10,10.3997,-75.5144,82.02,83,20,5.75,few clouds
557,Pokaran,IN,2021-09-29 03:07:33,26.9167,71.9167,86.81,59,2,15.19,clear sky
558,Zinder,NE,2021-09-29 03:07:33,13.8072,8.9881,83.48,45,64,7.65,broken clouds
559,Ampanihy,MG,2021-09-29 03:07:33,-24.7,44.75,68.97,65,34,5.1,scattered clouds
560,Bacalar,MX,2021-09-29 03:07:33,18.6667,-88.3833,76.77,90,14,4.03,few clouds
561,Mahebourg,MU,2021-09-29 03:07:34,-20.4081,57.7,74.25,67,72,16.82,broken clouds
562,Ust-Barguzin,RU,2021-09-29 03:07:34,53.45,108.9833,37.0,83,100,3.38,light rain
563,Chapais,CA,2021-09-29 03:02:48,49.7834,-74.8492,40.78,97,100,6.55,overcast clouds
564,Avera,US,2021-09-29 03:07:35,33.194,-82.5271,71.71,65,1,4.59,clear sky
565,Dergachi,RU,2021-09-29 03:07:35,51.2328,48.7659,39.61,67,100,8.9,overcast clouds
566,Slonim,BY,2021-09-29 03:07:35,53.0867,25.3219,45.36,88,69,8.66,broken clouds
567,Chivilcoy,AR,2021-09-29 03:07:36,-34.8957,-60.0167,54.05,95,0,7.72,clear sky
568,Kyzyl,RU,2021-09-29 03:07:36,51.7,94.45,39.78,28,8,2.51,clear sky
569,Beringovskiy,RU,2021-09-29 03:05:41,63.05,179.3167,31.68,61,96,8.21,overcast clouds
570,Misratah,LY,2021-09-29 03:07:18,32.3754,15.0925,76.19,75,0,9.17,clear sky
571,Yar-Sale,RU,2021-09-29 03:07:36,66.8333,70.8333,37.35,85,100,5.7,overcast clouds
572,Edd,ER,2021-09-29 03:07:37,13.9297,41.6925,85.75,75,68,7.61,broken clouds
573,Jinchang,CN,2021-09-29 03:07:37,38.4953,102.1739,72.88,14,0,1.3,clear sky
574,Antsla,EE,2021-09-29 03:07:38,57.8256,26.5406,46.15,79,100,4.61,overcast clouds
575,Grand Island,US,2021-09-29 03:07:38,40.925,-98.342,75.15,50,1,12.66,clear sky
576,Santa Cruz Cabralia,BR,2021-09-29 03:07:38,-16.2781,-39.0247,73.63,83,40,6.91,scattered clouds
577,Buala,SB,2021-09-29 02:57:45,-8.145,159.5921,80.74,83,100,8.7,moderate rain
578,Lodwar,KE,2021-09-29 03:07:39,3.1191,35.5973,80.22,49,46,11.79,scattered clouds
579,Linares,CL,2021-09-29 03:07:39,-35.85,-71.6,48.13,60,0,2.46,clear sky
580,Nanortalik,GL,2021-09-29 03:05:11,60.1432,-45.2371,36.97,62,0,3.47,clear sky
581,Xingcheng,CN,2021-09-29 03:07:40,40.6167,120.7167,67.06,61,4,19.04,light rain
582,Kurchum,KZ,2021-09-29 03:07:40,48.5722,83.6542,57.92,35,99,10.54,overcast clouds
583,Mao,ES,2021-09-29 03:07:40,39.8885,4.2658,66.76,94,20,5.75,few clouds
584,Komsomolskiy,UZ,2021-09-29 03:07:41,40.4272,71.7189,63.82,55,0,6.91,clear sky
585,Wajima,JP,2021-09-29 03:07:41,37.4,136.9,75.49,68,97,1.54,overcast clouds
586,Hwange,ZW,2021-09-29 03:07:41,-18.3693,26.5019,72.37,29,0,3.8,clear sky
587,Chokurdakh,RU,2021-09-29 03:07:42,70.6333,147.9167,26.85,94,77,6.93,broken clouds
588,Humberto De Campos,BR,2021-09-29 03:07:42,-2.5983,-43.4611,76.98,90,16,6.58,few clouds
589,Menzelinsk,RU,2021-09-29 03:07:42,55.7271,53.1026,33.04,85,26,4.88,scattered clouds
590,Ust-Nera,RU,2021-09-29 03:07:43,64.5667,143.2,28.54,46,2,2.55,clear sky
591,Barcelos,PT,2021-09-29 03:07:43,41.5388,-8.6151,55.85,89,94,4.59,overcast clouds
592,Lucapa,AO,2021-09-29 03:07:43,-8.4192,20.7447,65.62,79,20,1.79,few clouds
593,Yumen,CN,2021-09-29 03:05:19,40.2833,97.2,67.44,16,0,4.21,clear sky
594,Muros,ES,2021-09-29 03:07:44,42.7762,-9.0603,60.84,94,100,2.04,overcast clouds
595,Alyangula,AU,2021-09-29 03:07:44,-13.8483,136.4192,84.06,67,72,14.07,broken clouds
596,Andrews,US,2021-09-29 03:07:44,32.3187,-102.5457,75.65,40,1,6.91,clear sky
597,Kununurra,AU,2021-09-29 03:07:45,-15.7667,128.7333,96.78,28,10,8.05,clear sky
598,Nicolas Bravo,MX,2021-09-29 03:07:45,18.45,-88.9167,73.98,93,10,2.8,clear sky
599,Santa Rosalia,MX,2021-09-29 03:07:45,27.3167,-112.2833,78.53,47,0,6.69,clear sky
600,Cody,US,2021-09-29 03:07:46,44.5263,-109.0565,62.82,36,1,8.05,clear sky
601,Yekepa,LR,2021-09-29 03:07:46,7.5753,-8.5419,67.66,99,86,1.19,overcast clouds
602,Almaznyy,RU,2021-09-29 03:07:46,48.0448,40.045,48.34,81,86,11.05,overcast clouds
603,Banda Aceh,ID,2021-09-29 03:07:47,5.5577,95.3222,82.18,74,99,5.21,overcast clouds
604,Hargeysa,SO,2021-09-29 03:07:47,9.56,44.065,71.29,59,15,17.6,few clouds
605,Tiznit,MA,2021-09-29 03:07:47,29.5833,-9.5,69.44,46,1,1.01,clear sky
606,Haapiti,PF,2021-09-29 03:07:48,-17.5667,-149.8667,81.72,76,20,15.12,light rain
607,Dengzhou,CN,2021-09-29 03:07:48,37.8086,120.7508,72.14,69,0,5.5,light rain
608,Pinega,RU,2021-09-29 03:07:48,64.7001,43.3936,42.12,96,100,4.12,overcast clouds
609,Sivas,TR,2021-09-29 03:07:49,39.7916,37.0019,39.83,100,0,1.14,fog
610,Kendari,ID,2021-09-29 03:07:49,-3.945,122.4989,85.93,64,23,6.2,few clouds
611,Bilasipara,IN,2021-09-29 03:07:49,26.232,90.2347,81.52,80,100,2.15,overcast clouds
612,Dicabisagan,PH,2021-09-29 03:07:50,17.0818,122.4157,87.75,61,90,4.12,overcast clouds
613,Kuhdasht,IR,2021-09-29 03:07:50,33.535,47.6061,66.13,16,0,3.76,clear sky
614,Warmbad,NA,2021-09-29 03:07:50,-28.45,18.7333,56.12,54,96,11.39,overcast clouds
615,Vagay,RU,2021-09-29 03:07:51,57.9375,69.0217,35.35,85,26,7.05,scattered clouds
616,Mahanoro,MG,2021-09-29 03:07:51,-19.9,48.8,70.02,83,73,4.76,broken clouds
617,Le Vauclin,MQ,2021-09-29 03:07:51,14.5452,-60.8388,77.05,88,0,3.44,clear sky
618,Price,US,2021-09-29 03:07:52,39.5994,-110.8107,63.12,67,75,17.27,broken clouds
619,Kaeo,NZ,2021-09-29 03:07:52,-35.1,173.7833,65.32,48,22,8.81,few clouds
620,Altamira,BR,2021-09-29 03:07:53,-3.2033,-52.2064,74.68,84,47,1.99,scattered clouds
621,Bull Savanna,JM,2021-09-29 03:07:53,17.8868,-77.5902,78.08,81,10,3.94,clear sky
622,Segou,ML,2021-09-29 03:07:53,13.4317,-6.2157,78.22,67,0,8.57,clear sky
623,Sao Jose Da Coroa Grande,BR,2021-09-29 03:07:54,-8.8978,-35.1478,74.68,84,32,8.19,scattered clouds
624,Hollister,US,2021-09-29 03:03:21,36.8525,-121.4016,65.35,55,1,8.05,clear sky
625,Robertsport,LR,2021-09-29 03:07:54,6.7533,-11.3686,77.2,81,95,3.36,moderate rain
626,Pio Xii,BR,2021-09-29 03:07:55,-3.8325,-45.1525,75.34,87,3,3.74,clear sky
627,Ganta,LR,2021-09-29 03:07:55,7.3022,-8.5308,67.91,99,95,1.3,overcast clouds
628,Guerrero,MX,2021-09-29 03:07:55,17.6667,-100.0,67.12,96,100,2.3,overcast clouds
629,Lasa,IT,2021-09-29 03:07:56,46.6166,10.7002,54.34,92,98,2.59,moderate rain
630,Camocim,BR,2021-09-29 03:07:56,-2.9022,-40.8411,78.91,83,3,14.81,clear sky
631,Chistogorskiy,RU,2021-09-29 03:07:56,53.9835,87.3843,41.25,51,88,6.13,overcast clouds
632,Sfantu Gheorghe,RO,2021-09-29 03:07:57,45.8667,25.7833,48.92,83,100,6.04,overcast clouds
633,Longhua,CN,2021-09-29 03:07:57,23.6137,114.1919,94.39,53,22,2.98,few clouds
634,Maua,BR,2021-09-29 03:07:58,-23.6678,-46.4614,75.36,44,44,5.46,scattered clouds
635,Pandan,PH,2021-09-29 03:07:58,14.0453,124.1694,86.58,66,58,5.28,broken clouds
636,Ilebo,CD,2021-09-29 03:07:58,-4.3167,20.5833,70.66,97,99,0.09,overcast clouds
637,Ilo,PE,2021-09-29 03:07:58,-17.6394,-71.3375,59.36,82,6,0.31,clear sky
638,San Benito,US,2021-09-29 03:07:59,36.6166,-121.0844,58.14,54,37,4.85,scattered clouds
639,Durango,MX,2021-09-29 03:07:19,24.8333,-104.8333,61.48,59,36,4.97,scattered clouds
640,Sorland,NO,2021-09-29 03:07:59,67.667,12.6934,53.67,77,100,11.83,overcast clouds
641,Belyy Yar,RU,2021-09-29 03:08:00,53.6039,91.3903,33.69,75,90,2.24,overcast clouds
642,Havoysund,NO,2021-09-29 03:08:00,70.9963,24.6622,45.48,89,43,8.61,scattered clouds
643,Vallenar,CL,2021-09-29 03:08:00,-28.5708,-70.7581,66.54,35,22,0.43,few clouds
644,Pevek,RU,2021-09-29 03:08:01,69.7008,170.3133,25.38,81,100,6.58,overcast clouds
645,Roma,US,2021-09-29 03:05:58,43.2128,-75.4557,51.66,88,1,0.0,clear sky
646,Esmeralda,CU,2021-09-29 03:08:01,21.8525,-78.1169,76.24,91,6,6.33,moderate rain
647,Hirara,JP,2021-09-29 03:08:01,24.8,125.2833,83.82,79,5,12.8,clear sky
648,Luxeuil-Les-Bains,FR,2021-09-29 03:08:02,47.8171,6.365,55.33,93,0,3.44,clear sky
649,Novobirilyussy,RU,2021-09-29 03:08:02,56.9514,90.6661,38.62,78,89,6.26,overcast clouds
650,Sambava,MG,2021-09-29 03:08:03,-14.2667,50.1667,71.37,85,74,9.91,broken clouds
651,Say,NE,2021-09-29 03:08:03,13.1007,2.3689,80.85,56,36,7.65,scattered clouds
652,Asau,RO,2021-09-29 03:08:04,46.4333,26.4,48.96,92,91,2.08,light rain
653,Boddam,GB,2021-09-29 03:08:04,57.4667,-1.7833,47.12,79,100,9.78,overcast clouds
654,Puerto Colombia,CO,2021-09-29 03:08:04,10.9878,-74.9547,77.09,81,100,6.49,overcast clouds
655,Malindi,KE,2021-09-29 03:08:05,-3.2175,40.1191,76.01,89,35,13.0,scattered clouds
656,Xuddur,SO,2021-09-29 03:08:05,4.1213,43.8894,71.29,84,45,11.7,scattered clouds
657,Puerto Cabezas,NI,2021-09-29 03:08:05,14.0351,-83.3888,78.42,88,82,5.77,broken clouds
658,Hami,CN,2021-09-29 03:08:06,42.8,93.45,71.62,18,1,4.21,clear sky
659,Chaman,PK,2021-09-29 03:08:06,30.9236,66.4512,78.1,30,0,3.04,clear sky
660,Aquiraz,BR,2021-09-29 03:08:06,-3.9014,-38.3911,84.22,68,6,15.23,clear sky
661,Santa Maria,BR,2021-09-29 03:04:55,-29.6842,-53.8069,61.05,99,96,6.42,overcast clouds
662,Jalu,LY,2021-09-29 03:04:54,29.0331,21.5482,70.61,61,0,7.76,clear sky
663,Cusuna,HN,2021-09-29 03:08:07,15.85,-85.2333,76.87,89,17,5.73,few clouds
664,Quatre Cocos,MU,2021-09-29 03:08:07,-20.2078,57.7625,74.08,63,76,17.94,broken clouds
665,Bam,IR,2021-09-29 03:08:08,29.106,58.357,81.09,14,4,4.41,clear sky
666,Waikuku,NZ,2021-09-29 03:08:08,-43.3,172.6833,68.29,51,12,18.34,few clouds
667,Riyadh,SA,2021-09-29 03:08:08,24.6877,46.7219,71.74,41,0,5.17,clear sky
668,Dryden,CA,2021-09-29 03:08:08,49.7833,-92.7503,60.01,76,6,5.84,clear sky
669,Bandarbeyla,SO,2021-09-29 03:08:09,9.4942,50.8122,80.17,75,92,23.94,overcast clouds
670,Naze,JP,2021-09-29 03:08:09,28.3667,129.4833,80.31,75,32,19.33,scattered clouds
671,Monticello,US,2021-09-29 03:08:09,45.3055,-93.7941,69.22,74,75,6.91,broken clouds
672,Ratnagiri,IN,2021-09-29 03:08:10,16.9833,73.3,80.19,86,99,10.56,overcast clouds
673,Skjervoy,NO,2021-09-29 03:08:10,70.0311,20.9714,50.18,83,68,4.72,broken clouds
674,Chatra,IN,2021-09-29 03:08:10,24.2167,84.8667,78.78,82,65,7.45,broken clouds
675,Saint-Joseph,RE,2021-09-29 03:08:11,-21.3667,55.6167,70.16,75,46,8.55,scattered clouds
676,Poum,NC,2021-09-29 03:08:11,-20.2333,164.0167,74.41,73,38,12.17,scattered clouds
677,Nova Olinda Do Norte,BR,2021-09-29 03:08:11,-3.8881,-59.0942,75.83,86,93,2.68,overcast clouds
678,Bilibino,RU,2021-09-29 03:08:12,68.0546,166.4372,15.39,87,61,2.42,broken clouds
679,Porto Novo,BJ,2021-09-29 03:08:12,6.4965,2.6036,76.73,89,96,4.59,overcast clouds
680,Takoradi,GH,2021-09-29 03:08:12,4.8845,-1.7554,75.51,90,17,4.54,few clouds
681,Manokwari,ID,2021-09-29 03:08:13,-0.8667,134.0833,84.18,67,100,5.39,overcast clouds
682,Skovorodino,RU,2021-09-29 03:08:13,53.9833,123.9167,39.52,88,100,10.09,light rain
683,Tanabe,JP,2021-09-29 03:08:13,33.7333,135.3667,81.12,62,4,10.0,clear sky
684,Balabac,PH,2021-09-29 03:05:27,7.9868,117.0645,86.18,66,99,3.67,overcast clouds
685,Boshnyakovo,RU,2021-09-29 03:08:14,49.6333,142.1667,59.52,90,100,11.92,overcast clouds
686,Botngard,NO,2021-09-29 03:08:14,63.7653,9.8111,54.77,71,0,13.8,clear sky
687,Alexandria,EG,2021-09-29 03:07:03,31.2156,29.9553,76.82,60,0,11.83,clear sky
688,Harper,LR,2021-09-29 03:04:31,4.375,-7.7169,76.59,88,67,4.18,light rain
689,Pitimbu,BR,2021-09-29 03:08:15,-7.4706,-34.8086,75.33,84,55,11.43,broken clouds
690,Sept-Iles,CA,2021-09-29 03:05:57,50.2001,-66.3821,45.05,87,73,5.66,broken clouds
691,Portland,US,2021-09-29 03:05:28,45.5234,-122.6762,56.14,88,77,1.01,broken clouds
692,Belaya Gora,RU,2021-09-29 03:08:15,68.5333,146.4167,31.46,66,80,11.32,broken clouds
693,Erzin,TR,2021-09-29 03:08:16,36.9559,36.2,72.32,90,25,0.74,scattered clouds
694,Antofagasta,CL,2021-09-29 03:08:16,-23.65,-70.4,58.28,80,23,3.22,few clouds
695,Yuancheng,CN,2021-09-29 03:08:16,36.652,107.7896,69.35,56,50,7.54,scattered clouds
696,Wasilla,US,2021-09-29 03:04:56,61.5814,-149.4394,46.67,48,1,0.0,clear sky
697,Palamos,ES,2021-09-29 03:08:17,41.8484,3.1291,70.32,92,19,4.0,few clouds
698,Mayo,US,2021-09-29 03:07:05,38.8876,-76.5119,71.98,84,33,1.99,scattered clouds
699,Mastic Beach,US,2021-09-29 03:08:17,40.7668,-72.8521,65.98,87,20,3.0,few clouds
700,Sacramento,US,2021-09-29 03:05:45,38.4666,-121.3177,72.91,24,1,1.01,clear sky
701,Deloraine,AU,2021-09-29 03:08:18,-41.5333,146.6667,63.36,62,84,1.01,broken clouds
702,Gravelbourg,CA,2021-09-29 03:08:18,49.8834,-106.5512,66.2,24,100,15.66,overcast clouds
703,Dibombari,CM,2021-09-29 03:08:18,4.1787,9.6561,72.81,97,97,2.08,overcast clouds
704,Salalah,OM,2021-09-29 03:04:28,17.0151,54.0924,78.89,78,0,2.3,clear sky
705,Tuymazy,RU,2021-09-29 03:08:19,54.6067,53.7097,33.06,79,87,5.39,overcast clouds
706,Tongliao,CN,2021-09-29 03:08:19,43.6125,122.2653,59.32,45,99,15.39,overcast clouds
707,Miri,MY,2021-09-29 03:08:19,4.4148,114.0089,86.02,67,76,4.9,broken clouds
708,Alekseyevsk,RU,2021-09-29 03:08:20,57.8406,108.3492,37.27,86,99,5.95,overcast clouds
709,Nizhniy Ingash,RU,2021-09-29 03:08:20,56.2,96.53,36.0,88,100,1.79,overcast clouds
710,Wattegama,LK,2021-09-29 03:08:21,6.7989,81.4808,81.52,50,87,1.59,overcast clouds
711,Mersing,MY,2021-09-29 03:08:21,2.4312,103.8405,86.27,66,100,1.1,overcast clouds
